編號,行政區,轄區分隊,巷道地點,寬度,長度,latitude,longitude
1,板橋區,板橋分隊,館前西路213巷,2.1,150,25.008214577833066,121.45181937537572
2,板橋區,板橋分隊,華興街21巷,4.7,150,25.004642577835458,121.45615817537548
3,板橋區,板橋分隊,南雅西路一段92巷,2.1,100,25.006039827834556,121.45075892537548
4,板橋區,板橋分隊,重慶路67巷,3,100,25.00718777783378,121.45960817537554
5,板橋區,板橋分隊,和平路161巷,3.6,100,24.996233377840912,121.46095437537535
6,板橋區,板橋分隊,仁愛路49巷,3,150,24.999979377838436,121.45782597537541
7,板橋區,板橋分隊,四川路一段37巷,1.5,100,25.00662017783416,121.4570993753756
8,板橋區,板橋分隊,四川路一段87巷,,,25.006063177834555,121.45760302537568
9,板橋區,板橋分隊,四川路二段65巷,2,30,24.994958977841723,121.45093762537523
10,板橋區,板橋分隊,四川路二段81巷,2.2,80,24.99484572784184,121.4506258253753
11,板橋區,板橋分隊,四川路二段91巷,1.8,100,24.99469297784195,121.45040647537525
12,板橋區,板橋分隊,忠孝路174巷,4,200,25.00162987783734,121.4618773753755
13,板橋區,板橋分隊,稚暉街46巷,1.6,100,25.00408202783587,121.45345987537556
14,板橋區,板橋分隊,稚暉街48巷,2.8,150,25.00406302783587,121.45385722537551
15,板橋區,板橋分隊,縣民大道一段106巷,2.9,100,25.005660127834673,121.45473547537553
16,板橋區,板橋分隊,縣民大道一段94巷,2,100,25.00482022783528,121.45387127537565
17,板橋區,板橋分隊,重慶路139巷,3.8,100,25.004494477835472,121.4602101753755
18,板橋區,板橋分隊,重慶路155巷,3.3,100,25.003988577835834,121.46031727537556
19,板橋區,板橋分隊,忠孝路176巷,3.8,100,25.002025077837146,121.46206497537554
20,板橋區,板橋分隊,忠孝路201巷,3.8,130,25.003988377835853,121.46228497537557
21,板橋區,板橋分隊,四川路一段232巷,3,100,25.00185547783728,121.45663752537548
22,板橋區,板橋分隊,成都街71巷,3,100,25.005269527835008,121.4597851753756
23,板橋區,板橋分隊,仁愛路47巷,2,100,24.999587177838805,121.45702907537539
24,板橋區,民生分隊,漢生東路53巷,3-4,100,25.016835377827523,121.46363022537587
25,板橋區,民生分隊,漢生東路63巷,3.5-4.8,100,25.016703277827542,121.46379532537595
26,板橋區,民生分隊,漢生東路113巷,4-5,200,25.015234777828546,121.46499947537585
27,板橋區,民生分隊,新生街20巷,3,30,25.02100237782486,121.45326537537615
28,板橋區,民生分隊,陽明街164巷,1.5-3,100,25.02446457782259,121.46164767537621
29,板橋區,民生分隊,幸福路70巷,3.5,130,25.02044397782514,121.45799847537606
30,板橋區,民生分隊,民有街15巷,3,40,25.0245544778225,121.46343887537618
31,板橋區,民生分隊,四維路112巷,3,120,25.025323577822057,121.46309227537623
32,板橋區,民生分隊,四維路269巷,3.2,400,25.02734227782069,121.45849087537631
33,板橋區,民生分隊,四維路279巷,3.2,240,25.02766797782045,121.45843507537634
34,板橋區,民生分隊,四維路289巷,3,80,25.02816167782022,121.45871537537636
35,板橋區,民生分隊,文化路一段285巷,4,350,25.01937177782581,121.461174275376
36,板橋區,民生分隊,文化路一段435巷,2.2,130,25.02337197782316,121.4642160753762
37,板橋區,民生分隊,中正路236巷,3,500,25.019387477825816,121.45526897537594
38,板橋區,民生分隊,長江路一段48巷,3,130,25.0287497778198,121.45636267537628
39,板橋區,民生分隊,長江路一段66巷,2.5,100,25.029065327819552,121.45660672537622
40,板橋區,民生分隊,漢生東路23巷,3,220,25.017964577826653,121.46326847537586
41,板橋區,民生分隊,漢生東路33巷,3,150,25.017292127827215,121.46307077537595
42,板橋區,民生分隊,漢生東路43巷,3,150,25.017038177827356,121.46329397537602
43,板橋區,民生分隊,漢生東路73巷,3,150,25.01651252782772,121.46400587537589
44,板橋區,民生分隊,漢生東路83巷,3,150,25.016292927827855,121.46422747537594
45,板橋區,大觀分隊,大觀路一段29巷4弄,1.5,50,25.00800667783324,121.44745407537565
46,板橋區,大觀分隊,大觀路一段33巷,1.8,160,25.008144677833254,121.44685122537562
47,板橋區,大觀分隊,大觀路一段35巷,1.8,130,25.008095027833107,121.44669952537558
48,板橋區,大觀分隊,大觀路一段37巷,1.8,140,25.007939627833327,121.44649287537574
49,板橋區,大觀分隊,大觀路一段39巷,2,110,25.007746077833485,121.44578307537569
50,板橋區,大觀分隊,大觀路二段27巷,2.5,180,25.003080277836474,121.44471462537557
51,板橋區,大觀分隊,大觀路二段79巷,2,100,25.002118527837084,121.4440474253756
52,板橋區,大觀分隊,大觀路二段166巷,3.8,110,24.998933277839104,121.4385651253753
53,板橋區,大觀分隊,正義街,3.5,100,25.022169477823965,121.45084837537605
54,板橋區,大觀分隊,大觀路一段28巷6弄,2,140,25.010572377831547,121.4477724753758
55,板橋區,大觀分隊,大觀路二段3巷,3,350,25.00344187783615,121.44648497537555
56,板橋區,大觀分隊,大觀路二段7巷,3,350,25.00334967783619,121.44545717537557
57,板橋區,大觀分隊,大觀路二段19巷,3.5,550,25.003050077836516,121.44567207537541
58,板橋區,大觀分隊,大觀路二段20巷,2.5,200,25.00350412783625,121.44373292537549
59,板橋區,大觀分隊,大觀路二段140巷,2,260,24.999911527838588,121.44042702537541
60,板橋區,大觀分隊,大觀路二段148巷,2.4,260,25.000068177838376,121.43929717537533
61,板橋區,大觀分隊,大觀路二段156巷,3,260,24.999426977838812,121.43877372537543
62,板橋區,大觀分隊,大觀路二段169巷,4,160,25.00019292783831,121.44279922537538
63,板橋區,大觀分隊,大觀路二段179巷,2,160,24.99982997783856,121.44304097537542
64,板橋區,大觀分隊,大觀路二段265巷18弄,3,180,24.998321777839465,121.4394013253753
65,板橋區,大觀分隊,中正路25巷,2,140,25.01257622783026,121.4528318253758
66,板橋區,大觀分隊,中正路89巷,2,110,25.01449217782911,121.45300977537602
67,新莊區,大觀分隊,光華街,3,230,25.019758026015595,121.44673367336615
68,板橋區,大觀分隊,光華街13巷,3.5,170,25.011266777831125,121.45042347537573
69,板橋區,大觀分隊,光華街15巷,3.5,170,25.011710077830845,121.45090037537575
70,板橋區,大觀分隊,光華街19巷,3,170,25.011969777830757,121.4506079753758
71,板橋區,大觀分隊,林園街,1.7,180,25.010003077831954,121.45119027537561
72,板橋區,大觀分隊,南雅西路二段38巷,3,100,25.009960527831986,121.45036832537566
73,板橋區,大觀分隊,南雅西路二段110巷,2.5,290,25.012588027830297,121.45001942537591
74,板橋區,大觀分隊,南雅西路二段156巷,2.4,140,25.013237827829794,121.44948892537576
75,板橋區,大觀分隊,南雅西路二段168巷,2.5,100,25.013718977829633,121.4493583253758
76,板橋區,大觀分隊,南雅西路二段192巷,2.4,130,25.014403027829005,121.4492840253758
77,板橋區,大觀分隊,僑中一街124巷15弄,3.5,260,25.0147302444572,121.44434468868045
78,板橋區,大觀分隊,僑中一街124巷18弄,3.5,220,25.013880877829358,121.44402657537582
79,板橋區,大觀分隊,僑中一街124巷20弄,3.5,200,25.01403777782928,121.44405117537588
80,板橋區,大觀分隊,僑中二街48巷,3,190,25.010494327831665,121.44368427537583
81,板橋區,大觀分隊,僑中二街112巷,4,170,25.007077727833867,121.44265462537567
82,板橋區,大觀分隊,僑中二街116巷,4,260,25.006588527834147,121.44172567537558
83,板橋區,大觀分隊,僑中二街120巷,3,150,25.00591597783463,121.44271762537558
84,板橋區,大觀分隊,僑中二街124巷,2.5,130,25.005522677834826,121.44211302537562
85,板橋區,溪崑分隊,大觀路三段59巷,4.5,110,24.995276277841466,121.43139292537522
86,板橋區,溪崑分隊,溪崑一街30巷15弄,3,120,24.991090527844182,121.42659092537504
87,板橋區,溪崑分隊,溪崑一街48巷,4,110,24.990927277844342,121.42667857537516
88,板橋區,溪崑分隊,溪崑二街16巷,4,140,24.99180992784369,121.42591462537511
89,板橋區,溪崑分隊,溪崑二街92巷,2.5,120,24.98945302784533,121.42387987537518
90,板橋區,溪崑分隊,大觀路三段180巷,2.5,150,24.993083827842955,121.42820242537526
91,板橋區,溪崑分隊,大觀路三段212巷,4,120,24.992565027843252,121.42776422537506
92,板橋區,溪崑分隊,篤行路二段57巷,2.5,115,24.992361527843446,121.42959492537513
93,板橋區,溪崑分隊,篤行路二段141巷,3,120,24.988251227846074,121.42731422537511
94,板橋區,溪崑分隊,篤行路二段151巷,3,120,24.988040477846145,121.42713592537505
95,板橋區,溪崑分隊,篤行路二段161巷,3,120,24.98781572784638,121.4269705253749
96,板橋區,溪崑分隊,金門街215巷2弄,3,130,24.98956242784518,121.43006037537505
97,板橋區,溪崑分隊,金門街215巷57弄,2.5,160,24.989938177844895,121.43142937537507
98,板橋區,溪崑分隊,金門街369巷57弄,3,130,24.983970477848775,121.4266221753748
99,板橋區,溪崑分隊,金門街372巷,3,140,24.98434022784859,121.42456437537486
100,板橋區,溪崑分隊,大觀路三段160巷,3,160,24.993502127842696,121.42837202537524
101,板橋區,新板分隊,民權路202巷17弄,3,200,25.01654397782765,121.4576138753759
102,板橋區,新板分隊,光正街23巷,3,250,25.01643717782779,121.45947862537585
103,板橋區,新板分隊,光正街45巷,3,160,25.01702282782746,121.45913492537609
104,板橋區,新板分隊,長安街7巷,3,110,25.009268177832425,121.46355807537566
105,板橋區,新板分隊,茶館街,2.8,120,25.010675077831536,121.45396587537577
106,板橋區,新板分隊,後菜園街,2.8,250,25.010167977831895,121.45408447537572
107,板橋區,新板分隊,中山路一段50巷,,,25.008999777832532,121.45902037537557
108,板橋區,新板分隊,文化路一段45巷,,,25.013566877829614,121.4577486753758
109,板橋區,新板分隊,文化路一段81巷,,,25.01404032782932,121.45831482537585
110,板橋區,新板分隊,光正街,,,25.017204277827346,121.459880475376
111,板橋區,新板分隊,民族路69巷18弄,,,25.009829327832094,121.46350932537571
112,板橋區,新板分隊,民權路202巷(含7、9、13弄),,,25.015582977828444,121.45794577537599
113,板橋區,新板分隊,民權路260巷,,,25.015254577828465,121.45683497537574
114,板橋區,新板分隊,民權路302巷,,,25.016416277827684,121.45539437537595
115,中正區,新板分隊,東門街,,,25.019759090413384,121.45703354669222
116,板橋區,新板分隊,長安街25巷,,,25.009470177832206,121.46426447537561
117,板橋區,新板分隊,重慶路12巷,,,25.007671277833442,121.45802217537575
118,板橋區,新板分隊,重慶路13巷,,,25.008444727832952,121.4585754253756
119,板橋區,新板分隊,南門街1巷,,,25.008525477832922,121.45498797537564
120,板橋區,新板分隊,宮口街,,,25.010246177831757,121.45476957537568
121,板橋區,莒光分隊,三民路一段3巷,3.9,132,25.023821477822974,121.47688567537611
122,板橋區,莒光分隊,三民路一段5巷,3.8,104,25.02352247782321,121.47708677537624
123,板橋區,莒光分隊,中山路二段250巷,3.9,95,25.019758026015595,121.44673367336615
124,板橋區,莒光分隊,文化路二段263巷,3.5,187,25.029905277819005,121.46875857537637
125,板橋區,莒光分隊,民治街44巷,2.4,90,25.01850228086092,121.45666708051984
126,板橋區,莒光分隊,民治街57巷(含15、24弄),3.5-4.1,103,25.03388527781655,121.47738497537662
127,板橋區,莒光分隊,民治街71巷1弄,2.4,64,25.0328847278171,121.47731862537644
128,板橋區,莒光分隊,光復街33巷,2,137,25.01848048086183,121.4783669305198
129,板橋區,莒光分隊,成功路6巷,1.8,189,25.01740027782705,121.47378417537604
130,板橋區,莒光分隊,莊敬路125巷(含1弄),2.3-4.4,113,25.0252719778221,121.46972407537618
131,板橋區,莒光分隊,莊敬路129巷,4.5,238,25.02472997782242,121.47033867537624
132,板橋區,莒光分隊,雙十路二段33巷,3.2,170,25.024992177822305,121.47272937537629
133,板橋區,莒光分隊,雙十路二段41巷,3.5,95,25.026063077821487,121.47412787537615
134,板橋區,莒光分隊,三民路二段21巷,3.7,237,25.018256577826577,121.47802647537598
135,板橋區,莒光分隊,三民路二段29巷35弄,4.1,235,25.01524552782856,121.47775267537594
136,板橋區,莒光分隊,三民路二段70巷,3.9,88,25.017269577827257,121.47611377537598
137,板橋區,莒光分隊,三民路二段81巷(含27弄),1.9-3.1,355,25.01668957782763,121.47706297537583
138,板橋區,莒光分隊,三民路二段95巷,3.1,191,25.016357877827847,121.47803487537588
139,板橋區,莒光分隊,三民路二段109巷,3.9,193,25.015986777828093,121.4774788753759
140,板橋區,莒光分隊,三民路二段123巷,3.9,201,25.01563737782828,121.47801307537593
141,板橋區,莒光分隊,三民路二段153巷,4.1,201,25.014954977828797,121.47746417537591
142,板橋區,莒光分隊,三民路二段181巷,4.1,128,25.01407037782935,121.4774601753759
143,板橋區,莒光分隊,三民路二段186巷(含2弄、6弄、20弄、28弄),2.3-4.1,66,25.014328977829134,121.47541587537593
144,板橋區,莒光分隊,三民路二段居仁巷2弄,2.7,103,25.01304382783,121.47712197537578
145,板橋區,莒光分隊,中山路二段89巷7弄,2.8,115,25.016715627827526,121.47074262537602
146,板橋區,莒光分隊,中山路二段90巷43弄,4.1,128,25.01518277782856,121.4741650753759
147,板橋區,莒光分隊,中山路二段148巷7弄,2.4,101,25.016810277827606,121.47442772537595
148,板橋區,莒光分隊,中山路二段212巷,2.7,220,25.017378677827196,121.47565117537597
149,板橋區,莒光分隊,中山路二段295巷,1.7-3.2,132,25.01902712782617,121.47541387537603
150,板橋區,莒光分隊,中山路二段318巷(含20、27弄、30弄),3.2,132,25.018782077826316,121.4778060753761
151,板橋區,莒光分隊,中山路二段416巷(含3弄、32弄、47弄、48弄、54弄、66弄),2.8-4,200,25.0194018778258,121.48051397537604
152,板橋區,莒光分隊,中山路二段531巷,4.1,264,25.022224977823985,121.48022007537602
153,板橋區,莒光分隊,中山路二段光榮巷30弄,2.8,103,25.02044237782517,121.48187227537606
154,板橋區,莒光分隊,文化路二段182巷5弄,3.8,163,25.02726357782074,121.46921237537626
155,板橋區,莒光分隊,文化路二段225巷60弄,4.1,190,25.02891282781971,121.46662322537625
156,板橋區,莒光分隊,文化路二段225巷72弄,3.1,136,25.02892387781963,121.46631677537633
157,板橋區,莒光分隊,文化路二段410巷,4.1,203,25.03111967781826,121.47167307537644
158,板橋區,莒光分隊,文化路二段548巷,4.1,205,25.033759377816562,121.47439397537644
159,板橋區,莒光分隊,民生路二段226巷6弄、8弄、10弄、17弄,3.2-4.1,176,25.022965095173312,121.45792510385019
160,板橋區,莒光分隊,民生路二段232巷,3.9,100,25.022432377823968,121.46647217537618
161,板橋區,莒光分隊,民生路二段234巷,4.1,164,25.02263947782373,121.46691857537608
162,板橋區,莒光分隊,民生路二段240巷,3.7,174,25.02295317782353,121.46698377537611
163,板橋區,莒光分隊,民享街65巷、116巷、116巷1弄、116巷2弄、137巷、142巷、158巷(興隆市場),2.2-4.1,152,25.019759090413384,121.45703354669222
164,板橋區,莒光分隊,民治街52巷,4.1,120,25.032825977817122,121.47622977537644
165,板橋區,莒光分隊,民治街96巷,3.8,130,25.017790480890458,121.45649798051836
166,板橋區,莒光分隊,民治街126巷,3.4,123,25.031349177818083,121.47512517537646
167,板橋區,莒光分隊,民治街133巷,3,94,25.01656929523968,121.46622890384684
168,板橋區,莒光分隊,民治街134巷,3.7,105,25.031373377818156,121.47471807537643
169,板橋區,莒光分隊,永豐街49巷,4.1,183,25.017728377826966,121.47121197537598
170,板橋區,莒光分隊,永豐街55巷,4.1,225,25.018329877826645,121.47029027537594
171,板橋區,莒光分隊,永豐街75巷,4.1,144,25.01881487782623,121.47079207537604
172,板橋區,莒光分隊,永豐街120巷(含2弄),3.9,124,25.020910777824795,121.47379827537613
173,板橋區,莒光分隊,田單街2巷,2.5-3.9,163,25.02859292781988,121.47947687537626
174,板橋區,莒光分隊,田單街49巷7弄,2.5-3.9,141,25.02831307782004,121.4801344253763
175,板橋區,莒光分隊,江寧路三段55巷7弄,3.3,50,25.03238512781742,121.4688398253765
176,板橋區,莒光分隊,江寧路三段71巷,3.9,124,25.03256782781734,121.46943867537642
177,板橋區,莒光分隊,江寧路三段79巷,4.1,75,25.032685127817235,121.46955947537649
178,板橋區,莒光分隊,江寧路三段87巷2弄,3.4,162,25.03293112781713,121.46985852537651
179,板橋區,莒光分隊,江寧路三段123巷,3.3,60,25.03358647781673,121.47067917537646
180,板橋區,莒光分隊,吳鳳路21巷,3.9,132,25.031138427818192,121.46441972537627
181,板橋區,莒光分隊,宏國路77巷3弄,3.8,100,25.032224177817554,121.46618587537635
182,板橋區,莒光分隊,松柏街50巷90弄,2.8,253,25.0288299278196,121.47411442537637
183,板橋區,莒光分隊,林森街1巷、3巷、3巷1弄,2.3-3.1,112,25.023783077822976,121.48009677537613
184,板橋區,莒光分隊,長江路二段118巷,4.1,160,25.031404277818154,121.46306042537641
185,板橋區,莒光分隊,莊敬路146巷,3.9,101,25.022873677823622,121.46827377537608
186,板橋區,莒光分隊,莊敬路263巷,4.1,121,25.021802677824287,121.47055447537609
187,板橋區,莒光分隊,莒光路27巷,4.1,111,25.02553207782188,121.46809307537626
188,板橋區,莒光分隊,莒光路28巷,4,101,25.02412697782278,121.46734757537618
189,板橋區,莒光分隊,莒光路51巷,3.9,152,25.02524277782208,121.46869837537626
190,板橋區,莒光分隊,莒光路171巷(含1弄、3弄),3.9-4.1,222,25.02395697782284,121.47187967537616
191,板橋區,莒光分隊,莒光路196巷,2.8,161,25.022492177823825,121.47091747537615
192,板橋區,莒光分隊,富山街109巷(含60、63、65弄),2.1-3.8,302,25.021186577824743,121.47262447537601
193,新莊區,莒光分隊,萬安街20巷(含2、4、6、8、10弄),1.9-4.1,145,25.023955422397183,121.41165505174618
194,板橋區,莒光分隊,翠華街4巷,4,81,25.02366187782324,121.4777681253762
195,板橋區,莒光分隊,翠華街8巷,4.1,103,25.024325427822657,121.47859267537616
196,板橋區,莒光分隊,翠華街10巷,4,102,25.02426837782272,121.47874267537635
197,板橋區,莒光分隊,翠華街12巷,4,170,25.024066227822885,121.47869052537617
198,板橋區,莒光分隊,翠華街6巷(含1弄、4弄),1.7-4.1,230,25.024692277822407,121.47886117537611
199,板橋區,莒光分隊,銘傳街76巷,2.8,102,25.029576594454806,121.46776683868059
200,板橋區,莒光分隊,縣民大道三段187巷,4,102,25.024930377822233,121.47679032537614
201,板橋區,莒光分隊,縣民大道三段205巷,3.5,100,25.025231177822032,121.47704607537614
202,板橋區,莒光分隊,縣民大道三段247巷,3.8,140,25.02630407782137,121.47918947537629
203,板橋區,莒光分隊,雙十路二段2巷,2.8,110,25.025686077821753,121.47529617537622
204,板橋區,莒光分隊,雙十路二段47巷6弄,3.9,101,25.0260390778216,121.47298657537628
205,板橋區,莒光分隊,雙十路二段69巷,2.3,225,25.026297977821443,121.47245627537626
206,板橋區,莒光分隊,雙十路三段66巷,4.1,57,25.031910177817657,121.4681328253763
207,板橋區,莒光分隊,懷仁街14巷,4.1,117,25.019735827825638,121.47329502537602
208,板橋區,莒光分隊,懷仁街24巷,4.1,89,25.019718977825764,121.47377237537617
209,板橋區,莒光分隊,懷仁街34巷,4.1,110,25.01928592782585,121.47357617537592
210,板橋區,莒光分隊,懷仁街35巷,4.1,221,25.019583427825758,121.47410812537608
211,板橋區,莒光分隊,懷仁街77巷,4.1,121,25.018779127826203,121.47488602537608
212,板橋區,莒光分隊,懷德街127巷23弄,3.8,119,25.031108827818212,121.47713047537638
213,新莊區,新莊分隊,中正路263巷(含10弄),1.4-3.6,155,25.034849677815796,121.44720227537643
214,新莊區,新莊分隊,中港路48巷(含23弄),1.9-4.65,153,25.03836082781355,121.4532920753767
215,新莊區,新莊分隊,中港路161巷,2.2,110,25.040946377811824,121.45177517537665
216,新莊區,新莊分隊,中港路221巷(含1、3弄),2.9,120,25.042329477810995,121.45215042537676
217,新莊區,新莊分隊,中港路339巷,3.4-3.9,230,25.045338327808995,121.44920217537681
218,新莊區,新莊分隊,中港路653巷,2.3,90,25.05523977780264,121.44835822537723
219,新莊區,新莊分隊,中華路二段3巷,2.78,150,25.045883277808734,121.45082377537692
220,新莊區,新莊分隊,中華路一段166巷,2.83,135,25.041810077811334,121.45045937537665
221,新莊區,新莊分隊,公園路202巷與永寧街間道路,2.5-4,200,25.039717777812744,121.45153867537667
222,萬華區,新莊分隊,永寧街(含1、19、24、26巷),3.4,272,25.005578877834818,121.51531927537546
223,新莊區,新莊分隊,幸福路64巷(含1弄),2.7-3.3,100,25.049737577806223,121.45455137537706
224,新莊區,新莊分隊,幸福路528巷(含3、4弄),3.2-3.6,110,25.049524827806234,121.45329312537696
225,新莊區,新莊分隊,幸福路715巷,3.1-3.3,111,25.048854577806704,121.44695337537699
226,新莊區,新莊分隊,昌平街31巷與昌平街59巷間道路,3.5,120,25.053240377803945,121.45198797537724
227,新莊區,新莊分隊,建中街116巷(新泰公園旁),3.35,110,25.036969627814376,121.44310442537653
228,大安區,新莊分隊,泰順街,2.6-3.8,154,25.024052577822808,121.52882667537625
229,新莊區,新莊分隊,復興路二段60巷(含2、8弄),3.4,186,25.043812077809978,121.45271037537672
230,新莊區,新莊分隊,新央街,3.5,123,25.040166277812293,121.45406507537658
231,新莊區,新莊分隊,新泰路150巷(含8弄),1.8-3.9,190,25.037909177813873,121.44514697537667
232,新莊區,新莊分隊,新泰路347巷(含5、6弄),1.9-4,200,25.04206662781116,121.4420070753769
233,新莊區,新莊分隊,新莊路150巷,2.7-4.1,120,25.035654977815312,121.45281277537659
234,新莊區,新莊分隊,新莊路313巷,2.1-3.45,74,25.034225027816227,121.45080832537651
235,新莊區,新莊分隊,新莊路477巷,0.9~1.7,130,25.033030377817006,121.44652157537652
236,新莊區,新莊分隊,新莊路493巷(含4弄),1.73-2.57,140,25.033072277816967,121.44616847537661
237,新莊區,新莊分隊,新莊路565巷(含6、8弄),1.73-1.94,180,25.033150377816924,121.44438977537654
238,新莊區,新莊分隊,新莊路751巷1～49號,3.3,115,25.032664877817233,121.44024507537642
239,新莊區,新莊分隊,新興街(含21、27、31、37、36、38、48、62、66、76、94、102、108、114巷),1.63-3.53,900,25.019758026015595,121.44673367336615
240,新莊區,新莊分隊,豐年街51巷,2.6,140,25.031760527817823,121.4442355753765
241,新莊區,新莊分隊,豐年街90巷,3,140,25.03095822781836,121.44350692537643
242,新莊區,新莊分隊,瓊林路40巷,4,142,25.026975661283497,121.43923039281212
243,新莊區,新莊分隊,瓊林路42巷,2.75,110,25.02665196128421,121.43912449281196
244,新莊區,新莊分隊,瓊泰路80巷,3.6,108,25.029184127819427,121.4412810253763
245,新莊區,福營分隊,福營路25巷,3.1~4,95,25.0326821778173,121.4353728753765
246,新莊區,福營分隊,福營路97巷,2.5~5.8,230,25.03194562781774,121.43180162537644
247,新莊區,福營分隊,瓊林北路,2.7~4.1,200,25.022002577824228,121.43654707537611
248,新莊區,裕民分隊,後港二路,2.5~6,200,25.022972277823474,121.41936597537614
249,新莊區,頭前分隊,新莊區化成路36巷,寬度：2.0-5.0,長度：112,25.043046577810525,121.46298387537693
250,新莊區,頭前分隊,新莊區化成路63巷24弄,寬度：2.4-4.0,長度：150,25.045969577808638,121.46017977537679
251,新莊區,頭前分隊,新莊區化成路63巷26弄,寬度：2.8-4.3,長度：170,25.04617627780856,121.46019547537686
252,新莊區,頭前分隊,新莊區化成路205巷,寬度：2.5-3.6,長度：130,25.051154927805396,121.46292987537713
253,新莊區,頭前分隊,新莊區化成路332巷,寬度：1.5-3.9,長度：95,25.048823477806735,121.46317427537699
254,新莊區,頭前分隊,新莊區化成路352巷,寬度：2.2-3.8,長度：100,25.049089077806585,121.46359507537697
255,新莊區,頭前分隊,新莊區化成路398巷,寬度：3.0-7.0,長度：125,25.05054987780569,121.46387027537709
256,新莊區,頭前分隊,新莊區化成路438巷,寬度：2.5-5.0,長度：130,25.05133537780517,121.46359787537718
257,新莊區,頭前分隊,新莊區化成路492巷,寬度：3.3-9.5,長度：120,25.05184127780492,121.46449087537717
258,新莊區,頭前分隊,新莊區中正路56巷,寬度：2.7-5.0,長度：180,25.040587277812094,121.45894987537667
259,新莊區,頭前分隊,頭前路22巷,寬度：3.2-3.8,長度：110,25.05300627780404,121.46529807537712
260,新莊區,頭前分隊,新莊區頭前路58巷,寬度：1.6-3.8,長度：100,25.05294567780406,121.46424817537707
261,泰山區,泰山分隊,民權街3巷,3.8-4.7,132,25.05124147780525,121.42566447537703
262,泰山區,泰山分隊,明志路一段256巷,2.7-4,120,25.060292627799292,121.42945007537726
263,泰山區,泰山分隊,明志路一段352巷,3.8,160,25.058560477800423,121.4279772753773
264,泰山區,泰山分隊,泰山區明志路一段483巷,寬度：3.8米,長度：71米,25.055491877802506,121.42812317537727
265,泰山區,泰山分隊,泰山區泰林路二段164巷,寬度：2.3-6米,長度：60米,25.060974077798996,121.43196297537744
266,泰山區,泰山分隊,明志路二段214巷18弄,3.7-3.9,140,25.049917877806134,121.42381467537705
267,泰山區,泰山分隊,明志路三段196巷(含7、10、21、23、31、42、50弄),1.8-4,300,25.03949377781283,121.42031597537668
268,泰山區,泰山分隊,泰山區文化街(明志路一段至明志路一段117巷之間),寬度：3.8-5.1米,長度：100米,25.06357717779726,121.4325837753774
269,泰山區,泰山分隊,泰山區福泰街62巷,寬度：3.2米,長度：80米,25.059202777800113,121.43190537537744
270,信義區,泰山分隊,信義街,3.8,117,25.019758026015595,121.44673367336615
271,南港區,泰山分隊,福德街,3.8-4.1,210,25.019758026015595,121.44673367336615
272,泰山區,泰山分隊,應化街6巷,3.4,102,25.0440378278099,121.4219964253769
273,五股區,五股分隊,民義路一段172巷,2.8~3.8,150,25.08792757778145,121.43051462537822
274,五股區,五股分隊,成泰路二段147巷,2.8~3.8,150,25.08657992778233,121.43565212537821
275,五股區,五股分隊,成泰路三段577巷80弄,2.7-6,109,25.104533177770737,121.44703847537875
276,五股區,五股分隊,登林路86號旁道路,,110,25.070005577793186,121.42670622537777
277,三重區,三重分隊,文化南路25巷,0.8,100,25.061902077798294,121.49734597537743
278,三重區,三重分隊,文化南路47巷,2,100,25.061191077798775,121.49719157537731
279,三重區,三重分隊,龍濱路9巷,2,50,25.067471727794764,121.50064142537772
280,三重區,三重分隊,龍濱路17巷,2,100,25.067853727794486,121.5009067753777
281,三重區,三重分隊,龍濱路35巷,2,100,25.06831372779425,121.50046337537763
282,三重區,三重分隊,龍濱路43巷,2,100,25.068496127794013,121.50041607537756
283,三重區,三重分隊,三和路四段181巷,4,600,25.079458577786973,121.48161602537809
284,三重區,三重分隊,三和路四段191巷,1.8,200,25.079416677786977,121.48052837537792
285,三重區,三重分隊,三和路四段203巷,2.3,600,25.07990562778657,121.4814089753779
286,三重區,三重分隊,仁愛街55巷,3,450,25.072574677791486,121.49565277537779
287,三重區,三重分隊,溪尾街230巷,2,200,25.081694777785522,121.48526947537799
288,三重區,三重分隊,正義北路244巷,2.5,120,25.06803192779443,121.49278032537772
289,三重區,三重分隊,正義北路256巷,3,150,25.068229527794276,121.49244117537768
290,三重區,三重分隊,介壽路39巷,1,300,25.070322777792942,121.49807387537777
291,三重區,三重分隊,長壽街120巷,1.5,240,25.070605077792642,121.4991774753776
292,三重區,三重分隊,五華街63巷,2.5,160,25.08338907778443,121.491496375378
293,三重區,三重分隊,五華街71巷,3,310,25.083651277784277,121.49130517537817
294,三重區,三重分隊,錦通街,2,100,25.064538877796544,121.49742427537736
295,三重區,三重分隊,文化北路224巷,2,100,25.06901252779367,121.49465927537769
296,三重區,三重分隊,文化北路26巷,1,100,25.06458462779662,121.49618932537771
297,三重區,三重分隊,三和路三段101巷,2,200,25.073228877790985,121.49453557537778
298,三重區,二重分隊,五谷王南街46巷,1~4.1不等,250,25.04522482780913,121.47149992537679
299,三重區,二重分隊,五谷王北街80巷,3.7,180,25.05306397780399,121.47313082537713
300,三重區,二重分隊,頂崁街217巷,2.5~3.7不等,180,25.06779927779452,121.47487347537766
301,三重區,二重分隊,頂崁街192巷（含3弄）,2.6,140,25.066480727795344,121.47448522537753
302,三重區,二重分隊,忠孝路三段7巷,3.3,140,25.067722427794525,121.47846582537748
303,三重區,二重分隊,永福街46巷15弄及58巷1弄,2.7~3.0,160,25.07598972778926,121.47889312537798
304,三重區,二重分隊,永福街98巷,3,150,25.0760145777891,121.47680077537791
305,三重區,二重分隊,永安北路一段3巷,2.6,130,25.074692677790082,121.47409172537783
306,三重區,二重分隊,永安北路一段11巷,2.6~3.9不等,120,25.074860777789837,121.4739888253777
307,,二重分隊,三和路四段396巷1弄,3.6,220,25.079312077787133,121.47871727537793
308,三重區,二重分隊,三和路四段400巷,3.0,160,25.07940897778694,121.478339025378
309,蘆洲區,二重分隊,永安北路一段27巷,2.5,140,25.075545177789515,121.47437547537781
310,三重區,二重分隊,永福街138巷,3.3,140,25.07476387779004,121.47763937537782
311,三重區,二重分隊,力行路二段136巷,3~4不等,350,25.07554047778946,121.47901357537783
312,蘆洲區,二重分隊,永安北路一段33巷,2.5,140,25.07590842778919,121.47453282537784
313,蘆洲區,二重分隊,永安北路一段21巷,2,150,25.075339877789574,121.47434267537788
314,蘆洲區,二重分隊,永安北路一段37巷,3.3,120,25.076111877789096,121.47446202537783
315,三重區,重陽分隊,大同北路44巷,,,25.062731777797655,121.49181887537736
316,三重區,重陽分隊,大同北路34巷54弄,,,25.061970877798274,121.4912475253774
317,三重區,重陽分隊,大同南路161巷,,,25.055362877802605,121.4934381753772
318,三重區,重陽分隊,中正南路36巷,,,25.060353277799255,121.49146667537732
319,三重區,重陽分隊,中正南路52巷11弄,,,25.059995227799646,121.49188007537745
320,三重區,重陽分隊,仁化街31巷8弄,,,25.0590439278001,121.49085622537731
321,三重區,重陽分隊,仁化街31巷22弄,,,25.058804327800274,121.49063722537734
322,三重區,重陽分隊,六張街194巷2弄,,,25.068456277794006,121.48673867537754
323,三重區,重陽分隊,忠孝路一段30巷,,,25.07162917779202,121.4888202753776
324,蘆洲區,鷺江分隊,永平街32巷11弄,3.2~4.4,153.2,25.091575427779212,121.45596207537832
325,蘆洲區,鷺江分隊,永平街32巷33弄,3.4,152.0,25.092392627778626,121.45624422537841
326,蘆洲區,鷺江分隊,永樂街38巷19弄,3.5-3.8,187.4,25.089538927780396,121.45460277537828
327,蘆洲區,鷺江分隊,永樂街38巷45弄,3.2-3.8,157.2,25.08989517778016,121.45544377537841
328,蘆洲區,鷺江分隊,永樂街38巷67弄,3.3-4.3,168.2,25.090693177779738,121.45558592537839
329,蘆洲區,鷺江分隊,中正路185巷13弄,3.5,86,25.084734277783568,121.46521952537809
330,蘆洲區,鷺江分隊,中正路185巷31弄,3.5-4.6,143.6,25.083362577784506,121.46438952537815
331,蘆洲區,鷺江分隊,長安街98巷,3.5-5.2,121.2,25.08136567778571,121.45981547537802
332,板橋區,鷺江分隊,長安街331巷,3.6,142.2,25.013140577829915,121.47015197537581
333,蘆洲區,鷺江分隊,長安街361巷,3.3-3.6,142.2,25.08751937778168,121.4529191753783
334,蘆洲區,鷺江分隊,民權路72巷,2.8-3.6,162.7,25.088031677781345,121.47279677537828
335,蘆洲區,鷺江分隊,民權路82巷,3.3-4.6,108.6,25.08793667778151,121.47230417537826
336,板橋區,鷺江分隊,民權路121巷,2.8-4.2,長度約142.4,25.052075967731536,121.42353840198314
337,蘆洲區,鷺江分隊,民族路336巷,1.6-5.6,235.2,25.091823777778917,121.47548097537833
338,蘆洲區,鷺江分隊,民族路422巷,3.3-4.2,284.0,25.093474977777852,121.47094137537826
339,蘆洲區,鷺江分隊,民義街86巷,3.1-5.6,121.7,25.09032392777992,121.4710068753783
340,蘆洲區,鷺江分隊,復興路227巷2弄,3.0-3.4,181.9,25.090209727779907,121.47790152537834
341,蘆洲區,鷺江分隊,仁愛街161巷,3.8-5.6,113.9,25.09379867777762,121.46637527537845
342,蘆洲區,鷺江分隊,仁愛街212巷,3.6-7.4,198.1,25.09365417777779,121.4619756753785
343,蘆洲區,蘆洲分隊,中山一路135巷6弄,,,25.080708327786144,121.47300777537805
344,蘆洲區,蘆洲分隊,光華路65巷,,,25.082106877785264,121.46614997537807
345,蘆洲區,蘆洲分隊,中山二路265巷,,,25.079556977786886,121.46808157537791
346,蘆洲區,蘆洲分隊,中山二路137巷,,,25.08096827778593,121.46970887537805
347,蘆洲區,蘆洲分隊,和平路121巷8弄,,,25.079991677786488,121.464204475378
348,,蘆洲分隊,民族路33巷,,,,
349,蘆洲區,蘆洲分隊,中山一路122巷,,,25.0818164777854,121.4743750753781
350,蘆洲區,蘆洲分隊,信義路157巷,,,25.081570777785537,121.47639687537814
351,八里區,八里分隊,中山路二段323巷,,,25.147242377743165,121.39812837538011
352,八里區,八里分隊,華峰一街,,,25.14631377774375,121.39609527538022
353,八里區,八里分隊,華峰三街,,,25.145791477744073,121.39649067538019
354,八里區,龍源分隊,中山路一段83巷,,,25.15899967773562,121.41438857538051
355,八里區,八里分隊,中山路一段157巷,,,25.158250377736127,121.41046237538065
356,八里區,八里分隊,中山路二段500巷,,,25.1473450777431,121.39495887538024
357,八里區,八里分隊,中山路二段540巷,,,25.146832877743353,121.39405957538015
358,八里區,八里分隊,挖子尾街,,,25.164453977732038,121.4078039753808
359,八里區,龍源分隊,龍形一街12巷5弄,3.5,65,25.13080387775382,121.44712597537966
360,八里區,龍源分隊,龍米路一段100巷,3.5~4,80,25.125074577757488,121.45097937537955
361,八里區,龍源分隊,龍米路二段206巷,2.3~4,200,25.152668393831153,121.42918270391775
362,八里區,龍源分隊,龍米路二段232巷,2.6~4.8,100,25.15896262773557,121.42882147538052
363,八里區,龍源分隊,龍米路三段17巷,2.3~3.2,250,25.158529277735834,121.42549927538046
364,淡水區,淡水分隊,大忠街34巷,3.1-4.5不等,140,25.068043609200398,121.2898069126532
365,淡水區,淡水分隊,真理街3巷,1.5~2.3不等,300,25.174740327725402,121.43490082538098
366,淡水區,淡水分隊,新生街90巷,3.1~4.2不等,105,25.08831564576869,121.37904756334912
367,淡水區,淡水分隊,鄧公路31巷,2.8-4.2不等,170,25.169911127728593,121.450378575381
368,淡水區,淡水分隊,鄧公路33巷,3.9-5.8m不等,150,25.170039027728517,121.45036497538102
369,淡水區,淡水分隊,鄧公路35巷,2.8~5.6不等,202,25.170199077728274,121.45052242538083
370,,淡水分隊,平遠街,3.1-3.6.m不等,110,23.746647235039124,103.76595237792853
371,淡水區,淡水分隊,學府路205巷,2.3-4.6不等,220,25.17538547772503,121.44312737538105
372,淡水區,淡水分隊,水源街二段177巷52弄,3.1~4.4不等,120,25.17721977772383,121.45047162538118
373,淡水區,淡水分隊,水源街一段47巷,2.3~3.5不等,210,25.172867627726603,121.44132232538104
374,淡水區,淡水分隊,水源街一段53巷,2.2~3.3不等,180,25.17289012772665,121.44249647538096
375,淡水區,淡水分隊,新民街162巷,2.5~3.2不等,202,25.17943097772238,121.43619157538123
376,淡水區,淡水分隊,新民街180巷,3.2~5.2不等,173,25.17918477772254,121.43497777538116
377,板橋區,淡水分隊,大仁街6巷,2.7~4.1不等,170,25.017109977827428,121.45336557537601
378,淡水區,淡水分隊,水源街二段74巷,2.8-3.5M不等,150,25.173958727725935,121.44891447538106
379,淡水區,淡水分隊,水源街二段92巷,3.7-4.7M不等,300,25.174035277725885,121.44955827538108
380,淡水區,淡水分隊,北新路182巷3弄,3.4-4不等,110,25.17805427772327,121.44692062538118
381,淡水區,淡水分隊,北新路182巷5弄,4-4.8不等,125,25.177467677723634,121.44692427538118
382,淡水區,淡水分隊,北新路182巷21弄,3-3.8不等,140,25.177382977723713,121.44640477538115
383,淡水區,淡水分隊,北新路182巷41弄,3.4-4.4不等,155,25.177254277723844,121.44578297538115
384,淡水區,淡水分隊,重建街96～200號,1.7~2.7不等,200,25.17259007772671,121.4374745753809
385,淡水區,淡水分隊,真理街1巷,3.7~4.7不等,140,25.173324777726293,121.43587767538105
386,淡水區,淡水分隊,真理街4巷,2.1~2.9不等,170,25.173809177725992,121.43410187538105
387,淡水區,淡水分隊,新生街80巷,3.7~4.5不等,140,25.088502995644603,121.37884361335553
388,淡水區,淡水分隊,學府路181巷,1.4~3.3不等,180,25.17496797772527,121.44371427538098
389,淡水區,淡水分隊,英專路21巷,2.8-4m不等,120M,25.169761977728662,121.442325775381
390,淡水區,淡水分隊,英專路28巷2弄,3.1-4.2m不等,125M,25.169365327728915,121.4431486753809
391,淡水區,竹圍分隊,民生路52巷,3.8~5.0不等,200,25.137665877749342,121.4599707753799
392,淡水區,竹圍分隊,民生路113巷3弄,1.4~3.8不等,200,25.13897842774846,121.46123722537989
393,淡水區,竹圍分隊,民權路145巷,1.9~3.8不等,100,25.05922751504527,121.41381626235068
394,淡水區,竹圍分隊,民權路173巷,3.3~3.5不等,100,25.135736377750497,121.4572818753797
395,淡水區,竹圍分隊,民族路29巷,3.0~5.0不等,500,25.13717517774967,121.45930537537977
396,板橋區,三芝分隊,中山路一段88巷(智成街),5.7,115,25.13326180486037,121.31736577768923
397,新莊區,三芝分隊,中興街42巷,3.6,297.6,24.156214973890947,120.25662927728321
398,三芝區,三芝分隊,育英街24巷,3.4,110,25.25719017767244,121.49933957538384
399,石碇區,石碇分隊,石碇西街2號,寬度：3米,長度：170米,24.990966077844266,121.6567312753752
400,北投區,直潭分隊,秀山路45巷,寬度：3米,長度：100米,25.144812777744722,121.48969977538013
401,深坑區,深坑分隊,北深路一段112巷,寬度：6米,長度：300米,25.010918977831412,121.6329082753758
402,深坑區,深坑分隊,北深路一段83巷,寬度：6米,長度：100米,25.01039497783168,121.63376877537576
403,松山區,新店分隊,三民路35巷,寬度：2米,長度：150米,25.01290627423191,121.50928465165313
404,新店區,新店分隊,三民路75巷1弄,寬度：4米,長度：100米,24.971016827857248,121.53314337537444
405,板橋區,新店分隊,中正路183巷,寬度：巷口約3.5,長度：70米,25.016216377827945,121.45311987537595
406,新店區,新店分隊,中正路312巷,寬度：5米，10及12號1.5米,長度：200米,24.974884177854715,121.53483327537458
407,新店區,新店分隊,中正路329巷,寬度：4米,長度：260米,24.97438197785499,121.53269277537458
408,新店區,新店分隊,中正路382巷,寬度：5米,長度：200米,24.97765727785307,121.53265197537472
409,,新店分隊,中正路695巷,寬度：2米,長度：100米,24.248619078333775,120.6991211753514
410,新店區,新店分隊,中興路三段228巷,寬度：前段1.5米，後段4米。,長度：100米,24.983350677849195,121.54144297537482
411,新店區,新店分隊,中興路三段247巷,寬度：3米,長度：100米,24.983715077848988,121.53971517537494
412,新店區,新店分隊,北新路三段171巷,寬度：3米,長度：80米,24.98391662784894,121.53832132537487
413,新店區,新店分隊,文化路80巷,寬度：3米,長度：50米,24.98137717785048,121.54205487537473
414,新店區,新店分隊,順安街54巷,寬度：4米,長度：100米,24.986134177847486,121.5384570753751
415,新店區,新店分隊,中華路42巷,寬度：5米,長度：200米,24.969005477858488,121.53838967537442
416,新店區,新店分隊,中華路54巷,寬度：5米,長度：200米,24.969106877858568,121.53765987537453
417,新店區,新店分隊,寶安街2巷,寬度：3米,長度：100米,24.982745227849698,121.53993887537489
418,新店區,新店分隊,寶安街4巷,寬度：3米,長度：80米,24.982902177849486,121.5397746253749
419,新店區,新店分隊,寶安街16巷,寬度：4米,長度：80米,24.982474577849736,121.53976937537473
420,新店區,新店分隊,寶安街58巷後段,寬度：3米,長度：70米,25.01973673645995,121.3849317538406
421,新莊區,新店分隊,自由街,寬度：5米,長度：300米,25.016595843339438,121.37615436088933
422,新店區,新店分隊,民權路42巷,寬度：前段4米，中後段2米,長度：120米,24.983659177849084,121.53698457537494
423,樹林區,新店分隊,博愛街2巷,寬度：3米,長度：30米,24.982985965681404,121.40152210973885
424,新店區,新店分隊,博愛街13巷,寬度：3米,長度：120米,24.973572777855665,121.5381213753745
425,新店區,新店分隊,博愛街25巷,寬度：3米,長度：150米,24.974154677855267,121.53823117537462
426,新店區,安和分隊,永安街68巷,寬度：5.4米,長度：100米,24.986401177847256,121.51668367537482
427,新店區,安和分隊,新和街66巷,寬度：4米,長度：55米,24.985281077848025,121.51766247537498
428,新店區,安康分隊,安康路二段205巷,寬度：2米,長度：100米,24.958162077865712,121.50661437537414
429,新店區,安康分隊,安康路三段425巷,寬度：2米,長度：100米,24.949730427871128,121.48081602537367
430,新店區,安康分隊,安康路二段289巷,3~4米,110米,24.956828627866578,121.49855997537409
431,新店區,安康分隊,安康路二段234巷,2.5~3米,150米,24.959601427864712,121.50680767537396
432,新店區,安和分隊,新和街31巷,2.7-3m,120m,24.985102327848136,121.51631032537483
433,新店區,安和分隊,永安街63巷,2.5-3m,100m,24.987131777846738,121.51668737537491
434,新店區,安和分隊,安和路三段175巷,3-3.8m,100m,24.986046927847564,121.51310097537502
435,新店區,安和分隊,安康路一段195巷,3米,100米,24.962266477862993,121.52413507537412
436,新店區,安和分隊,安康路一段207巷,2.2米,120米,24.96216937786292,121.52319157537417
437,新店區,安和分隊,安康路一段263巷,2-3.2米,100米,24.96250807786285,121.5215486753743
438,新店區,安和分隊,安康路一段291巷,1.7-2.6m,120m,24.963340427862214,121.52018797537404
439,新店區,安和分隊,光華街7巷,1-2.9m,120m,24.968453377859024,121.51491367537449
440,南港區,樹林分隊,福德街,2.5~4不等,300,25.019758026015595,121.44673367336615
441,樹林區,樹林分隊,博愛街2巷,2.5,80,24.982985965681404,121.40152210973885
442,樹林區,樹林分隊,中山路三段155巷,2.5,80,24.97261747785628,121.39318197537463
443,樹林區,樹林分隊,四德街7巷,2,80,24.99189592784375,121.42367667537508
444,樹林區,樹潭分隊,工興街14巷,3.1M,110M,25.01353587782969,121.39685267537592
445,樹林區,樹潭分隊,中正路632巷,3.3M,80M,25.01640907782773,121.4077926753759
446,土城區,清水分隊,永豐路157巷,3.4,300,24.981559377850424,121.46544227537481
447,土城區,清水分隊,學府路一段256巷4弄,3.2,100,24.985288477847956,121.44863547537499
448,土城區,頂埔分隊,中央路二段192巷,3~4不等,110,24.976023577854022,121.43910432537474
449,土城區,頂埔分隊,中央路四段46巷,3公尺,200,24.96102527786381,121.41804732537415
450,中和區,頂埔分隊,民安街,3公尺,240,25.001230377837736,121.47531167537548
451,文山區,頂埔分隊,德安街,3公尺,300,25.01973673645995,121.3849317538406
452,土城區,頂埔分隊,中央路一段318巷19弄,,140,24.98173492785028,121.43981572537474
453,淡水區,隆恩分隊,清水街,寬度：3.5m,長度：330m,25.047680431575266,121.24118216553826
454,新莊區,隆恩分隊,忠孝街,寬度：3m,長度：100m,25.011054074539548,121.43682940163755
455,三峽區,隆恩分隊,長福街,寬度：3.5m,長度：60m,24.933683277881556,121.36765077537333
456,三峽區,隆恩分隊,文化路146巷,寬度：2m,長度：110m,24.936636577879593,121.36780097537331
457,三峽區,隆恩分隊,和平街29巷,寬度：3.5m,長度：140m,24.935635877880276,121.3670885753733
458,三峽區,隆恩分隊,秀川街,寬度：2m,長度：150m,24.934307877881075,121.36927597537321
459,三峽區,三峽分隊,介壽路二段38巷,2.8~3不等,200,24.93442637788106,121.3890718753733
460,鶯歌區,鶯歌分隊,中正三路210巷,2.3~3不等,120,24.938234077878555,121.3293432753734
461,鶯歌區,鳳鳴分隊,中正一路223巷,3,120,24.957319477866108,121.35151122537408
462,鶯歌區,鳳鳴分隊,大湖路460巷,4,120,24.972544777856275,121.33738887537451
463,鶯歌區,鳳鳴分隊,大湖路468巷,4,120,24.972472077856278,121.33705317537452
464,鶯歌區,鶯歌分隊,育英街6巷,2.3,130,24.954287977868194,121.3437740753739
465,汐止區,汐止分隊,建成路142巷45弄,2.4~2.6,100,25.074582727790073,121.65960567537773
466,汐止區,汐止分隊,龍安路2巷,1.6-2.2,110,25.064840477796434,121.6535158753776
467,汐止區,汐止分隊,茄苳路282巷,2.4~3.2,160,25.06768572779464,121.66973587537764
468,中和區,汐止分隊,復興路31號至51號,3.2~3.3,70,24.989764177845093,121.50273127537511
469,板橋區,社后分隊,光復街7、8巷,2.1~3,2KM,25.019258277825937,121.47865037537593
470,汐止區,橫科分隊,橫科路18巷,3~6不等,200,25.048567861227532,121.6172515428149
471,汐止區,橫科分隊,宜興街10巷,3~5不等,100,25.041192077811782,121.6188971253767
472,汐止區,橫科分隊,宜興街20巷,3~5不等,100,25.041269577811626,121.61923337537678
473,汐止區,橫科分隊,宜興街30巷,3~5不等,40,25.041646177811458,121.61935752537677
474,汐止區,橫科分隊,林森街69巷,3~5不等,10,25.032285282920693,121.47037221142689
475,汐止區,橫科分隊,民權街二段81巷,3~5不等,70,25.0478134778075,121.61687482537691
476,汐止區,橫科分隊,合順街13巷,3~7不等,130,25.043500977810215,121.61730927537677
477,汐止區,橫科分隊,合順街18巷,3~5不等,110,25.04292627781069,121.61723057537685
478,汐止區,橫科分隊,弘道街53巷19弄,3~5不等,70,25.049463527806378,121.61574472537697
479,汐止區,橫科分隊,汐止區橫科路52巷14弄,寬度：3.9米,長度：60米,25.05030807780585,121.61580517537708
480,瑞芳區,瑞芳分隊,明燈路三段50巷,3.3M,70M,25.108081777768472,121.80466007537888
481,瑞芳區,瑞芳分隊,岳王路一巷,3.5M,200M,25.110637477766776,121.80343437537906
482,瑞芳區,瑞芳分隊,三爪子坑路91巷,3.5M,長度約：200M,25.106032827769756,121.80785857537876
483,瑞芳區,瑞芳分隊,三爪子坑路47巷,2M,長度約：140M,25.106759527769384,121.812651225379
484,瑞芳區,瑞芳分隊,三爪子坑路149巷,3.1M,長度約：120M,25.106393877769598,121.80822157537888
485,瑞芳區,瑞芳分隊,三爪子坑路111巷,2.5M,長度約：150M,25.10682487776925,121.80824327537884
486,瑞芳區,瑞芳分隊,三爪子坑路32巷,3.6M,長度約：180M,25.106883411076662,121.80803694282254
487,瑞芳區,瑞芳分隊,東和路80～104號,2.8M,長度約：200M,25.10384447777115,121.80114727537877
488,瑞芳區,瑞芳分隊,三爪子坑路13巷,3.6M,長度約：125M,25.106392944309167,121.7996194538936
489,瑞芳區,瑞芳分隊,岳王路41～125號,3.7M,長度約：125M,25.111243377766392,121.80471797537908
490,瑞芳區,瑞芳分隊,岳王路72～162號,2.7M,長度約：150M,25.111132377766534,121.80699677537915
491,瑞芳區,瑞亭分隊,大埔路103巷,2.06~3.8公尺不等,138公尺,25.100392377773375,121.75997027537862
492,瑞芳區,九份分隊,新山路,3.4-8公尺,1000公尺,25.108853177767852,121.84994777537895
493,金山區,金山分隊,溫泉路2巷,3~4m,150m,25.222065177694954,121.63786637538266
494,金山區,金山分隊,金包里街,3-5m,600m,25.22187747769499,121.63571267538262
495,金山區,金山分隊,民生路51巷,3M,130M,25.219984077696193,121.63987187538258
496,萬里區,萬里分隊,龜吼里漁澳62號之2旁巷弄,2.3,180,25.195294677712262,121.68462932538186
497,萬里區,萬里分隊,野柳里港東111號旁巷弄,2.2,150,25.201053193332346,121.67877910394301
498,金山區,萬里分隊,大鵬里加投288號旁巷弄,2.2,180,25.216786777698346,121.63976587538247
499,萬里區,萬里分隊,大鵬里加投287之14號旁巷弄,2.2,200,25.21256552283761,121.62366943092633
500,石門區,石門分隊,老梅村公地,2.4~3.9,1200,25.2696998318098,121.5067329038253
501,中和區,南勢分隊,中興街115巷1弄,寬度：1.5米~6米,長度：115米,24.99228737784344,121.49795567537522
502,中和區,南勢分隊,中興街175巷,寬度：3米,長度：170米,24.990505177844657,121.49813117537504
503,中和區,南勢分隊,中興街233巷8弄,寬度：4米,長度：135米,24.989584077845223,121.49877947537524
504,中和區,南勢分隊,秀朗路三段60巷,寬度：3.1米~4.7米,長度：240米,24.994959277841765,121.52298557537523
505,中和區,南勢分隊,忠孝街11巷,寬度：3.8米4米,長度：145米,24.984297377848588,121.50685887537495
506,樹林區,南勢分隊,忠孝街101巷11弄,寬度：4米,長度：83米,24.983530015319502,121.38562940975746
507,中和區,南勢分隊,保健路29巷,寬度：2-4.2米,長度：135米,24.998046577839737,121.50618967537531
508,中和區,南勢分隊,復興路280巷18弄,寬度：1米,長度：150米,24.991687727843857,121.49986797537511
509,中和區,南勢分隊,復興路280巷46弄,寬度：1.5米,長度：65米,24.992096627843516,121.49856897537519
510,中和區,南勢分隊,景平路92巷(單號),寬度：2.5米,長度：110米,24.991352527844068,121.5184760753752
511,中和區,南勢分隊,景平路111巷9弄,寬度：3.5米6米,長度：230米,24.99107617784424,121.51430252537507
512,中和區,南勢分隊,景平路151巷9弄,寬度：3.1米~3.8米,長度：100米,24.991531977843913,121.51171492537514
513,中和區,南勢分隊,景平路155巷,寬度：3米,長度：130米,24.991931677843734,121.51086927537523
514,中和區,南勢分隊,景平路159巷35弄,寬度：3米,長度：140米,24.991357877843996,121.51129977537515
515,中和區,南勢分隊,景平路221巷,寬度：2.9米,長度：104米,24.992426527843346,121.50759742537515
516,中和區,南勢分隊,景安路208巷,寬度：2米,長度：250米,24.99119322784416,121.50090157537507
517,中和區,南勢分隊,景新街418巷,寬度：2.2-3.6米,長度：490米,24.98862872784585,121.51003107537494
518,中和區,南勢分隊,景新街423巷35弄,寬度：5米,長度：115米,24.989955927844886,121.51142252537507
519,中和區,南勢分隊,景新街496巷,寬度：3.9-4.5米,長度：580米,24.986637377847078,121.51096477537496
520,中和區,南勢分隊,華新街50巷,寬度：2.2-3.9米,長度：230米,24.98401797784881,121.50524062537494
521,中和區,南勢分隊,華新街143巷57弄,寬度：2.5米,長度：80米,24.979835177851456,121.50411957537473
522,中和區,南勢分隊,華新街143巷106弄,寬度：2.9米,長度：166米,24.978937077852194,121.50387552537477
523,中和區,南勢分隊,興南路二段34巷55弄,寬度：2.8米,長度：106米,24.98607727784744,121.502688575375
524,中和區,員山分隊,中山路二段242巷,寬度：3-5.5,長度：100,25.00317297783641,121.49498577537558
525,中和區,員山分隊,中山路二段523巷2弄,寬度：4-8,長度：100,25.004921177835296,121.47884542537547
526,中和區,員山分隊,中山路二段596巷,寬度：4-6,長度：120,25.005908477834645,121.47917927537561
527,中和區,員山分隊,民樂路80巷,寬度：2.5-4,長度：100,25.001202677837668,121.48183552537553
528,中和區,員山分隊,員山路226巷,3.3公尺,200公尺,25.000706327837985,121.47913797537544
529,中和區,員山分隊,員山路486巷,寬度：1.5-4,長度：120,25.006975177833905,121.47738962537561
530,中和區,員山分隊,連城路109巷,寬度：3.3-7,長度：220,24.998398477839395,121.49441567537532
531,中和區,員山分隊,連城路347巷6弄,寬度：4.1米,長度：200米,24.99546357784133,121.48554707537522
532,中和區,員山分隊,連城路347巷18弄,寬度：3.3-5.5,長度：250,24.994828977841873,121.48556882537527
533,中和區,員山分隊,圓通路252巷5弄,寬度：4.1米,長度：150米,24.99145602784397,121.4904694253751
534,中和區,員山分隊,圓通路265巷,寬度：4.1米-5米,長度：200米,24.99279932784316,121.49343112537518
535,中和區,員山分隊,圓通路393巷19弄,寬度：4米-6米,長度：100,24.988654977845762,121.48754482537497
536,中和區,員山分隊,福祥路85巷2弄,寬度：4.7米,長度：100米,25.005973677834653,121.49605767537558
537,中和區,國光分隊,中山路三段20～30號,寬度：2米,長度：108米,25.006312677834302,121.47698067537569
538,中和區,國光分隊,中山路三段170巷4弄,寬度：3.5米,長度：100米,25.00696912783396,121.47054612537566
539,中和區,國光分隊,中山路三段170巷8弄,寬度：3.5米,長度：100米,25.00725037783365,121.47037067537559
540,中和區,國光分隊,民生街35巷,寬度：3.5-5米,長度：100米,25.00487007783531,121.46793427537555
541,中和區,國光分隊,民安街111巷,寬度：2.4米,長度：120米,24.999442727838815,121.47479737537536
542,中和區,國光分隊,民享街97巷,寬度：3.5-5.5米,長度：105米,24.999579077838774,121.47265987537543
543,中和區,國光分隊,民治街2巷,寬度：1~2米,長度：120米,25.005639177834727,121.4718093753755
544,中和區,國光分隊,國光街112巷,寬度：3.5-6米,長度：250米,25.00155977783748,121.4671600753755
545,中和區,國光分隊,國光街215巷10弄,寬度：3.5-5米,長度：150米,25.000333027838202,121.46463777537535
546,永和區,永和分隊,大新街73巷,寬度：1.2米-4米,長度：120米,25.008284077833153,121.51516512537567
547,永和區,永和分隊,中正路654巷,寬度：2.8米,長度：120米,25.008580777832833,121.51503627537572
548,永和區,永和分隊,中正路662巷,寬度：4.4-2.8米,長度：120米,25.008795777832777,121.51502477537561
549,永和區,永和分隊,中正路666巷,寬度：4.4-2.8米,長度：150米,25.009068977832644,121.5155060753757
550,永和區,永和分隊,中正路724巷,寬度：1.2米,長度：100米,25.010854977831386,121.5133218753758
551,永和區,永和分隊,中正路732巷,寬度：1.2米,長度：100米,25.010485977831603,121.5129866753757
552,新莊區,永和分隊,中興街10巷,寬度：2.7-3.3米,長度：220米,25.023970272394727,121.44164390174629
553,新莊區,永和分隊,永安街,寬度：2.6米-6米,長度：300米,25.015549323792957,121.44398415167542
554,永和區,永和分隊,永安街4巷,寬度：1.2米,長度：120米,25.0058172778346,121.51662567537564
555,永和區,永和分隊,永利路7巷,寬度：4-2.8米,長度：120米,25.006377777834235,121.51489927537567
556,永和區,永和分隊,永利路10巷,寬度：3.5米,長度：100米,25.00509067783514,121.51526977537551
557,永和區,永和分隊,永利路36巷,寬度：2.8米,長度：100米,25.005340727834977,121.5160626253756
558,永和區,永和分隊,永和路二段276巷,寬度：1.4-2米,長度：100米,25.015321977828492,121.51407877537602
559,永和區,永和分隊,光復街2巷11弄,寬度：1.2米-4米,長度：100米,25.016707977827547,121.51465132537591
560,永和區,永和分隊,安樂路272巷,寬度：1.5米-4米,長度：150米,25.00420017783578,121.51212762537548
561,永和區,永和分隊,竹林路39巷19弄,寬度：2.2米,長度：150米,25.014890377828834,121.516195975376
562,永和區,永和分隊,竹林路39巷32弄,寬度：4.4-1.6米,長度：100米,25.014933127828787,121.51733737537593
563,永和區,永和分隊,竹林路75巷,寬度：2.4米-8米,長度：150米,25.01353887782967,121.51696307537581
564,永和區,永和分隊,竹林路75巷4弄,寬度：1.5米,長度：100米,25.013959827829336,121.51818952537576
565,永和區,永和分隊,竹林路75巷25弄,寬度：1.5米-3.5米,長度：100米,25.014173727829288,121.51747837537586
566,永和區,永和分隊,竹林路91巷47弄,寬度：1米-2.2米,長度：100米,25.013286477829862,121.51872292537595
567,永和區,永和分隊,竹林路119巷,寬度：2.2-1.6米,長度：250米,25.01156687783094,121.51855347537571
568,永和區,永和分隊,竹林路124巷,寬度：3.9-4.4米,長度：200米,25.01129397783113,121.51676592537572
569,永和區,永和分隊,竹林路213巷,2.7-3.6米,長度：220米,25.008955877832634,121.5195532753757
570,永和區,永和分隊,保慶街,寬度：1.8米-2.3米,長度：150米,25.006846877833965,121.51005557537569
571,板橋區,永和分隊,復興街,寬度：3.5米,長度：150米,25.017780677826927,121.45715977537607
572,永和區,永和分隊,福和路183巷,寬度：3.6-4米,長度：100米,25.00721772783367,121.51739197537566
573,永和區,永和分隊,福和路237巷,寬度：3.5米,長度：150米,25.007343127833767,121.51585372537573
574,永和區,永和分隊,福和路245巷,寬度：1.2米,長度：100米,25.006957177833925,121.51567367537567
575,永和區,永和分隊,豫溪街28巷,寬度：1.2-2.4米,長度：120米,25.009890177832105,121.51278217537572
576,永和區,永和分隊,豫溪街42巷,寬度：1.8米-2.7米,長度：120米,25.00963052783217,121.51300232537567
577,永和區,永和分隊,豫溪街52巷,寬度：2.4米,長度：100米,25.009836777831985,121.51329212537573
578,永和區,永和分隊,豫溪街74巷7弄,寬度：2.8米,長度：100米,25.009657977832145,121.51489962537576
579,土城區,永利分隊,中正路151巷8弄,寬度：2.2-1.6米,長度：250米,24.987886428389604,121.44066040144261
580,永和區,永利分隊,中正路412巷4弄,寬度：2.4米-3.5米,長度：150米,25.00170937783733,121.51545127537558
581,永和區,永利分隊,中正路428巷30弄,寬度：1.6-3.2米,長度：100米,25.001990177837158,121.51641747537553
582,中和區,永利分隊,四維街,寬度：2.2-4.6米,長度：120米,24.99262879548828,121.5084463538344
583,永和區,永利分隊,民生路47巷12弄,寬度：2.4-4.5米,長度：100米,24.997543777840075,121.52099752537534
584,永和區,永利分隊,民享街23巷,寬度：2.8米-4.5米,長度：150米,24.995344877841514,121.51385787537532
585,板橋區,永利分隊,民治街72巷,寬度：2.8-4.5米,長度：100米,25.015644123777207,121.45553595167621
586,北投區,永利分隊,民族街43巷,寬度：3.1-4.5米,長度：100米,25.066138660463157,121.4301262625878
587,永和區,永利分隊,民族街49巷,寬度：2.5-4.6米,長度：100米,24.99812427783966,121.51635787537533
588,永和區,永利分隊,民樂街25巷,寬度：2.3-4.3米,長度：100米,25.00168727783739,121.52520217537538
589,永和區,永利分隊,民樂街55巷,寬度：3.5米,長度：150米,24.99861867783925,121.52508357537536
590,永和區,永利分隊,民樂街73巷,寬度：1.2米-4.4米,長度：100米,24.997184177840275,121.52520727537528
591,永和區,永利分隊,民樂街75巷,寬度：2.9米-4.5米,長度：300米,24.99693887784043,121.52507507537534
592,永和區,永利分隊,民樂街92巷,寬度：2.6-4.1米,長度：150米,24.997215677840188,121.5244069753752
593,永和區,永利分隊,永貞路39巷4弄,寬度：1米-2.2米,長度：100米,25.006323077834303,121.51900937537552
594,永和區,永利分隊,成功路一段38巷,寬度：1.5米-3.5米,長度：100米,25.00447587783556,121.52428947537558
595,永和區,永利分隊,秀朗路二段82巷5弄,寬度：1.9-4.3米,長度：100米,25.00120182783761,121.52075067537538
596,永和區,永平分隊,仁愛路141巷,寬度：1.2~6.3,長度：223,25.012075077830644,121.50907537537579
597,永和區,永平分隊,文化路9巷16弄,寬度：1.8~2.7,長度：124,25.01470432782892,121.51232407537579
598,永和區,永平分隊,文化路9巷22弄,寬度：1.9,長度：120,25.014575927828886,121.51225932537588
599,永和區,永平分隊,文化路9巷30弄,寬度：1.9,長度：114,25.01435912782911,121.51222757537583
600,永和區,永平分隊,文化路16巷5弄,寬度：1.6,長度：148,25.01532062782846,121.51246912537587
601,永和區,永平分隊,文化路90巷32弄,寬度：2.7米,長度：100米,25.016717277827567,121.51085067537595
602,永和區,永平分隊,文化路126巷,寬度：1.9~4.2,長度：103,25.01559397782836,121.51051427537588
603,永和區,永平分隊,文化路144巷,寬度：1.6~2.2,長度：192,25.01613477782799,121.50993377537607
604,永和區,永平分隊,永平路173巷,寬度：3,長度：147,25.008623977832762,121.50778457537561
605,永和區,永平分隊,永和路一段111巷6弄,寬度：2.5~3米,長度：100米,25.008189777833152,121.51094272537556
606,永和區,永平分隊,永和路二段231巷,寬度：2.5~3.5,長度：137,25.014049577829276,121.5122417753758
607,永和區,永平分隊,和平街93巷,寬度：1.7~2.2米,長度：100米,25.0091718778325,121.50896687537565
608,永和區,永平分隊,和平街95巷,寬度：1.5~1.7,長度：128,25.00932097783241,121.50862377537567
609,永和區,永平分隊,保福路一段23巷,寬度：2~3.3米,長度：98米,25.00832267783294,121.51008942537567
610,永和區,永平分隊,保福路一段35巷,寬度：1.5~3.2米,長度：113米,25.008928077832667,121.50994887537561
611,永和區,永平分隊,保福路二段16巷,寬度：1.9~3.6,長度：199,25.01132112783115,121.50869532537574
612,永和區,永和分隊,復興街54巷8號,3-4,,25.012950877830047,121.51402907537594
613,永和區,永平分隊,保福路二段158巷,寬度：1.4~3.1,長度：111,25.015054627828547,121.50664907537579
614,永和區,永平分隊,保福路二段163巷13弄,寬度：3,長度：107,25.01442052782902,121.50653587537579
