編號,行政區,轄區分隊,巷道地點,寬度,長度,Latitude,Longitude
1,板橋區,板橋分隊,館前西路213巷,2.1,150,25.00821458,121.45181938
2,板橋區,板橋分隊,華興街21巷,4.7,150,25.00464258,121.45615818
3,板橋區,板橋分隊,南雅西路一段92巷,2.1,100,25.00603983,121.45075893
4,板橋區,板橋分隊,重慶路67巷,3,100,25.00718778,121.45960818
5,板橋區,板橋分隊,和平路161巷,3.6,100,24.99623338,121.46095438
6,板橋區,板橋分隊,仁愛路49巷,3,150,24.99997938,121.45782598
7,板橋區,板橋分隊,四川路一段37巷,1.5,100,25.00662018,121.45709938
8,板橋區,板橋分隊,四川路一段87巷,,,25.00606318,121.45760303
9,板橋區,板橋分隊,四川路二段65巷,2,30,24.99495898,121.45093763
10,板橋區,板橋分隊,四川路二段81巷,2.2,80,24.99484573,121.45062583
11,板橋區,板橋分隊,四川路二段91巷,1.8,100,24.99469298,121.45040648
12,板橋區,板橋分隊,忠孝路174巷,4,200,25.00162988,121.46187738
13,板橋區,板橋分隊,稚暉街46巷,1.6,100,25.00408203,121.45345988
14,板橋區,板橋分隊,稚暉街48巷,2.8,150,25.00406303,121.45385723
15,板橋區,板橋分隊,縣民大道一段106巷,2.9,100,25.00566013,121.45473548
16,板橋區,板橋分隊,縣民大道一段94巷,2,100,25.00482023,121.45387128
17,板橋區,板橋分隊,重慶路139巷,3.8,100,25.00449448,121.46021018
18,板橋區,板橋分隊,重慶路155巷,3.3,100,25.00398858,121.46031728
19,板橋區,板橋分隊,忠孝路176巷,3.8,100,25.00202508,121.46206498
20,板橋區,板橋分隊,忠孝路201巷,3.8,130,25.00398838,121.46228498
21,板橋區,板橋分隊,四川路一段232巷,3,100,25.00185548,121.45663753
22,板橋區,板橋分隊,成都街71巷,3,100,25.00526953,121.45978518
23,板橋區,板橋分隊,仁愛路47巷,2,100,24.99958718,121.45702908
24,板橋區,民生分隊,漢生東路53巷,3-4,100,25.01683538,121.46363023
25,板橋區,民生分隊,漢生東路63巷,3.5-4.8,100,25.01670328,121.46379533
26,板橋區,民生分隊,漢生東路113巷,4-5,200,25.01523478,121.46499948
27,板橋區,民生分隊,新生街20巷,3,30,25.02100238,121.45326538
28,板橋區,民生分隊,陽明街164巷,1.5-3,100,25.02446458,121.46164768
29,板橋區,民生分隊,幸福路70巷,3.5,130,25.02044398,121.45799848
30,板橋區,民生分隊,民有街15巷,3,40,25.02455448,121.46343888
31,板橋區,民生分隊,四維路112巷,3,120,25.02532358,121.46309228
32,板橋區,民生分隊,四維路269巷,3.2,400,25.02734228,121.45849088
33,板橋區,民生分隊,四維路279巷,3.2,240,25.02766798,121.45843508
34,板橋區,民生分隊,四維路289巷,3,80,25.02816168,121.45871538
35,板橋區,民生分隊,文化路一段285巷,4,350,25.01937178,121.46117428
36,板橋區,民生分隊,文化路一段435巷,2.2,130,25.02337198,121.46421608
37,板橋區,民生分隊,中正路236巷,3,500,25.01938748,121.45526898
38,板橋區,民生分隊,長江路一段48巷,3,130,25.02874978,121.45636268
39,板橋區,民生分隊,長江路一段66巷,2.5,100,25.02906533,121.45660673
40,板橋區,民生分隊,漢生東路23巷,3,220,25.01796458,121.46326848
41,板橋區,民生分隊,漢生東路33巷,3,150,25.01729213,121.46307078
42,板橋區,民生分隊,漢生東路43巷,3,150,25.01703818,121.46329398
43,板橋區,民生分隊,漢生東路73巷,3,150,25.01651253,121.46400588
44,板橋區,民生分隊,漢生東路83巷,3,150,25.01629293,121.46422748
45,板橋區,大觀分隊,大觀路一段29巷4弄,1.5,50,25.00800668,121.44745408
46,板橋區,大觀分隊,大觀路一段33巷,1.8,160,25.00814468,121.44685123
47,板橋區,大觀分隊,大觀路一段35巷,1.8,130,25.00809503,121.44669953
48,板橋區,大觀分隊,大觀路一段37巷,1.8,140,25.00793963,121.44649288
49,板橋區,大觀分隊,大觀路一段39巷,2,110,25.00774608,121.44578308
50,板橋區,大觀分隊,大觀路二段27巷,2.5,180,25.00308028,121.44471463
51,板橋區,大觀分隊,大觀路二段79巷,2,100,25.00211853,121.44404743
52,板橋區,大觀分隊,大觀路二段166巷,3.8,110,24.99893328,121.43856513
53,板橋區,大觀分隊,正義街,3.5,100,25.02216948,121.45084838
54,板橋區,大觀分隊,大觀路一段28巷6弄,2,140,25.01057238,121.44777248
55,板橋區,大觀分隊,大觀路二段3巷,3,350,25.00344188,121.44648498
56,板橋區,大觀分隊,大觀路二段7巷,3,350,25.00334968,121.44545718
57,板橋區,大觀分隊,大觀路二段19巷,3.5,550,25.00305008,121.44567208
58,板橋區,大觀分隊,大觀路二段20巷,2.5,200,25.00350413,121.44373293
59,板橋區,大觀分隊,大觀路二段140巷,2,260,24.99991153,121.44042703
60,板橋區,大觀分隊,大觀路二段148巷,2.4,260,25.00006818,121.43929718
61,板橋區,大觀分隊,大觀路二段156巷,3,260,24.99942698,121.43877373
62,板橋區,大觀分隊,大觀路二段169巷,4,160,25.00019293,121.44279923
63,板橋區,大觀分隊,大觀路二段179巷,2,160,24.99982998,121.44304098
64,板橋區,大觀分隊,大觀路二段265巷18弄,3,180,24.99832178,121.43940133
65,板橋區,大觀分隊,中正路25巷,2,140,25.01257623,121.45283183
66,板橋區,大觀分隊,中正路89巷,2,110,25.01449218,121.45300978
67,板橋區,大觀分隊,光華街,3,230,25.01975803,121.44673367
68,板橋區,大觀分隊,光華街13巷,3.5,170,25.01102788,121.42050513
69,板橋區,大觀分隊,光華街15巷,3.5,170,25.01171008,121.45090038
70,板橋區,大觀分隊,光華街19巷,3,170,25.01196978,121.45060798
71,板橋區,大觀分隊,林園街,1.7,180,25.01000308,121.45119028
72,板橋區,大觀分隊,南雅西路二段38巷,3,100,25.00996053,121.45036833
73,板橋區,大觀分隊,南雅西路二段110巷,2.5,290,25.01258803,121.45001943
74,板橋區,大觀分隊,南雅西路二段156巷,2.4,140,25.01323783,121.44948893
75,板橋區,大觀分隊,南雅西路二段168巷,2.5,100,25.01371898,121.44935833
76,板橋區,大觀分隊,南雅西路二段192巷,2.4,130,25.01440303,121.44928403
77,板橋區,大觀分隊,僑中一街124巷15弄,3.5,260,25.01473024,121.44434469
78,板橋區,大觀分隊,僑中一街124巷18弄,3.5,220,25.01388088,121.44402658
79,板橋區,大觀分隊,僑中一街124巷20弄,3.5,200,25.01403778,121.44405118
80,板橋區,大觀分隊,僑中二街48巷,3,190,25.01049433,121.44368428
81,板橋區,大觀分隊,僑中二街112巷,4,170,25.00707773,121.44265463
82,板橋區,大觀分隊,僑中二街116巷,4,260,25.00658853,121.44172568
83,板橋區,大觀分隊,僑中二街120巷,3,150,25.00569833,121.44267298
84,板橋區,大觀分隊,僑中二街124巷,2.5,130,25.00552268,121.44211303
85,板橋區,溪崑分隊,大觀路三段59巷,4.5,110,24.99527628,121.43139293
86,板橋區,溪崑分隊,溪崑一街30巷15弄,3,120,24.99109053,121.42659093
87,板橋區,溪崑分隊,溪崑一街48巷,4,110,24.99092728,121.42667858
88,板橋區,溪崑分隊,溪崑二街16巷,4,140,24.99180993,121.42591463
89,板橋區,溪崑分隊,溪崑二街92巷,2.5,120,24.98945303,121.42387988
90,板橋區,溪崑分隊,大觀路三段180巷,2.5,150,24.99308383,121.42820243
91,板橋區,溪崑分隊,大觀路三段212巷,4,120,24.99256503,121.42776423
92,板橋區,溪崑分隊,篤行路二段57巷,2.5,115,24.99236153,121.42959493
93,板橋區,溪崑分隊,篤行路二段141巷,3,120,24.98825123,121.42731423
94,板橋區,溪崑分隊,篤行路二段151巷,3,120,24.98804048,121.42713593
95,板橋區,溪崑分隊,篤行路二段161巷,3,120,24.98781573,121.42697053
96,板橋區,溪崑分隊,金門街215巷2弄,3,130,24.98956243,121.43006038
97,板橋區,溪崑分隊,金門街215巷57弄,2.5,160,24.98993818,121.43142938
98,板橋區,溪崑分隊,金門街369巷57弄,3,130,24.98397048,121.42662218
99,板橋區,溪崑分隊,金門街372巷,3,140,24.98434023,121.42456438
100,板橋區,溪崑分隊,大觀路三段160巷,3,160,24.99350213,121.42837203
101,板橋區,新板分隊,民權路202巷17弄,3,200,25.01654398,121.45761388
102,板橋區,新板分隊,光正街23巷,3,250,25.01643718,121.45947863
103,板橋區,新板分隊,光正街45巷,3,160,25.01702283,121.45913493
104,板橋區,新板分隊,長安街7巷,3,110,25.00926818,121.46355808
105,板橋區,新板分隊,茶館街,2.8,120,25.01067508,121.45396588
106,板橋區,新板分隊,後菜園街,2.8,250,25.01016798,121.45408448
107,板橋區,新板分隊,中山路一段50巷,,,25.00899978,121.45902038
108,板橋區,新板分隊,文化路一段45巷,,,25.01356688,121.45774868
109,板橋區,新板分隊,文化路一段81巷,,,25.01404033,121.45831483
110,板橋區,新板分隊,光正街,,,25.01720428,121.45988048
111,板橋區,新板分隊,民族路69巷18弄,,,25.00982933,121.46350933
112,板橋區,新板分隊,民權路202巷(含7、9、13弄),,,25.01558298,121.45794578
113,板橋區,新板分隊,民權路260巷,,,25.01525458,121.45683498
114,板橋區,新板分隊,民權路302巷,,,25.01641628,121.45539438
115,板橋區,新板分隊,東門街,,,25.01975909,121.45703355
116,板橋區,新板分隊,長安街25巷,,,25.00947018,121.46426448
117,板橋區,新板分隊,重慶路12巷,,,25.00767128,121.45802218
118,板橋區,新板分隊,重慶路13巷,,,25.00844473,121.45857543
119,板橋區,新板分隊,南門街1巷,,,25.00852548,121.45498798
120,板橋區,新板分隊,宮口街,,,25.01024618,121.45476958
121,板橋區,莒光分隊,三民路一段3巷,3.9,132,25.02382148,121.47688568
122,板橋區,莒光分隊,三民路一段5巷,3.8,104,25.02352248,121.47708678
123,板橋區,莒光分隊,中山路二段250巷,3.9,95,25.01975803,121.44673367
124,板橋區,莒光分隊,文化路二段263巷,3.5,187,25.02990528,121.46875858
125,板橋區,莒光分隊,民治街44巷,2.4,90,25.01850228,121.45666708
126,板橋區,莒光分隊,民治街57巷(含15、24弄),3.5-4.1,103,25.03388528,121.47738498
127,板橋區,莒光分隊,民治街71巷1弄,2.4,64,25.03288473,121.47731863
128,板橋區,莒光分隊,光復街33巷,2,137,25.01848048,121.47836693
129,板橋區,莒光分隊,成功路6巷,1.8,189,25.01740028,121.47378418
130,板橋區,莒光分隊,莊敬路125巷(含1弄),2.3-4.4,113,25.02527198,121.46972408
131,板橋區,莒光分隊,莊敬路129巷,4.5,238,25.02472998,121.47033868
132,板橋區,莒光分隊,雙十路二段33巷,3.2,170,25.02499218,121.47272938
133,板橋區,莒光分隊,雙十路二段41巷,3.5,95,25.02606308,121.47412788
134,板橋區,莒光分隊,三民路二段21巷,3.7,237,25.01825658,121.47802648
135,板橋區,莒光分隊,三民路二段29巷35弄,4.1,235,25.01524553,121.47775268
136,板橋區,莒光分隊,三民路二段70巷,3.9,88,25.01726958,121.47611378
137,板橋區,莒光分隊,三民路二段81巷(含27弄),1.9-3.1,355,25.01668958,121.47706298
138,板橋區,莒光分隊,三民路二段95巷,3.1,191,25.01635788,121.47803488
139,板橋區,莒光分隊,三民路二段109巷,3.9,193,25.01598678,121.47747888
140,板橋區,莒光分隊,三民路二段123巷,3.9,201,25.01563738,121.47801308
141,板橋區,莒光分隊,三民路二段153巷,4.1,201,25.01495498,121.47746418
142,板橋區,莒光分隊,三民路二段181巷,4.1,128,25.01407038,121.47746018
143,板橋區,莒光分隊,三民路二段186巷(含2弄、6弄、20弄、28弄),2.3-4.1,66,25.01432898,121.47541588
144,板橋區,莒光分隊,三民路二段居仁巷2弄,2.7,103,25.01304383,121.47712198
145,板橋區,莒光分隊,中山路二段89巷7弄,2.8,115,25.01671563,121.47074263
146,板橋區,莒光分隊,中山路二段90巷43弄,4.1,128,25.01518278,121.47416508
147,板橋區,莒光分隊,中山路二段148巷7弄,2.4,101,25.01681028,121.47442773
148,板橋區,莒光分隊,中山路二段212巷,2.7,220,25.01737868,121.47565118
149,板橋區,莒光分隊,中山路二段295巷,1.7-3.2,132,25.01902713,121.47541388
150,板橋區,莒光分隊,中山路二段318巷(含20、27弄、30弄),3.2,132,25.01878208,121.47780608
151,板橋區,莒光分隊,中山路二段416巷(含3弄、32弄、47弄、48弄、54弄、66弄),2.8-4,200,25.01940188,121.48051398
152,板橋區,莒光分隊,中山路二段531巷,4.1,264,25.02222498,121.48022008
153,板橋區,莒光分隊,中山路二段光榮巷30弄,2.8,103,25.02044238,121.48187228
154,板橋區,莒光分隊,文化路二段182巷5弄,3.8,163,25.02726358,121.46921238
155,板橋區,莒光分隊,文化路二段225巷60弄,4.1,190,25.02891283,121.46662323
156,板橋區,莒光分隊,文化路二段225巷72弄,3.1,136,25.02892388,121.46631678
157,板橋區,莒光分隊,文化路二段410巷,4.1,203,25.03111968,121.47167308
158,板橋區,莒光分隊,文化路二段548巷,4.1,205,25.03375938,121.47439398
159,板橋區,莒光分隊,民生路二段226巷6弄、8弄、10弄、17弄,3.2-4.1,176,25.0229651,121.4579251
160,板橋區,莒光分隊,民生路二段232巷,3.9,100,25.02243238,121.46647218
161,板橋區,莒光分隊,民生路二段234巷,4.1,164,25.02263948,121.46691858
162,板橋區,莒光分隊,民生路二段240巷,3.7,174,25.02295318,121.46698378
163,板橋區,莒光分隊,民享街65巷、116巷、116巷1弄、116巷2弄、137巷、142巷、158巷(興隆市場),2.2-4.1,152,25.01975909,121.45703355
164,板橋區,莒光分隊,民治街52巷,4.1,120,25.03282598,121.47622978
165,板橋區,莒光分隊,民治街96巷,3.8,130,25.01779048,121.45649798
166,板橋區,莒光分隊,民治街126巷,3.4,123,25.03167458,121.47484818
167,板橋區,莒光分隊,民治街133巷,3,94,25.0165693,121.4662289
168,板橋區,莒光分隊,民治街134巷,3.7,105,25.03137338,121.47471808
169,板橋區,莒光分隊,永豐街49巷,4.1,183,25.01772838,121.47121198
170,板橋區,莒光分隊,永豐街55巷,4.1,225,25.01832988,121.47029028
171,板橋區,莒光分隊,永豐街75巷,4.1,144,25.01881488,121.47079208
172,板橋區,莒光分隊,永豐街120巷(含2弄),3.9,124,25.02091078,121.47379828
173,板橋區,莒光分隊,田單街2巷,2.5-3.9,163,25.02859293,121.47947688
174,板橋區,莒光分隊,田單街49巷7弄,2.5-3.9,141,25.02831308,121.48013443
175,板橋區,莒光分隊,江寧路三段55巷7弄,3.3,50,25.03238513,121.46883983
176,板橋區,莒光分隊,江寧路三段71巷,3.9,124,25.03256783,121.46943868
177,板橋區,莒光分隊,江寧路三段79巷,4.1,75,25.03268513,121.46955948
178,板橋區,莒光分隊,江寧路三段87巷2弄,3.4,162,25.03293113,121.46985853
179,板橋區,莒光分隊,江寧路三段123巷,3.3,60,25.03358648,121.47067918
180,板橋區,莒光分隊,吳鳳路21巷,3.9,132,25.03113843,121.46441973
181,板橋區,莒光分隊,宏國路77巷3弄,3.8,100,25.03222418,121.46618588
182,板橋區,莒光分隊,松柏街50巷90弄,2.8,253,25.02882993,121.47411443
183,板橋區,莒光分隊,林森街1巷、3巷、3巷1弄,2.3-3.1,112,25.02378308,121.48009678
184,板橋區,莒光分隊,長江路二段118巷,4.1,160,25.03140428,121.46306043
185,板橋區,莒光分隊,莊敬路146巷,3.9,101,25.02287368,121.46827378
186,板橋區,莒光分隊,莊敬路263巷,4.1,121,25.02180268,121.47055448
187,板橋區,莒光分隊,莒光路27巷,4.1,111,25.02553208,121.46809308
188,板橋區,莒光分隊,莒光路28巷,4,101,25.02412698,121.46734758
189,板橋區,莒光分隊,莒光路51巷,3.9,152,25.02524278,121.46869838
190,板橋區,莒光分隊,莒光路171巷(含1弄、3弄),3.9-4.1,222,25.02395698,121.47187968
191,板橋區,莒光分隊,莒光路196巷,2.8,161,25.02249218,121.47091748
192,板橋區,莒光分隊,富山街109巷(含60、63、65弄),2.1-3.8,302,25.02118658,121.47262448
193,板橋區,莒光分隊,萬安街20巷(含2、4、6、8、10弄),1.9-4.1,145,25.02395542,121.41165505
194,板橋區,莒光分隊,翠華街4巷,4,81,25.02366188,121.47776813
195,板橋區,莒光分隊,翠華街8巷,4.1,103,25.02432543,121.47859268
196,板橋區,莒光分隊,翠華街10巷,4,102,25.02426838,121.47874268
197,板橋區,莒光分隊,翠華街12巷,4,170,25.02406623,121.47869053
198,板橋區,莒光分隊,翠華街6巷(含1弄、4弄),1.7-4.1,230,25.02469228,121.47886118
199,板橋區,莒光分隊,銘傳街76巷,2.8,102,25.02957659,121.46776684
200,板橋區,莒光分隊,縣民大道三段187巷,4,102,25.02493038,121.47679033
201,板橋區,莒光分隊,縣民大道三段205巷,3.5,100,25.02523118,121.47704608
202,板橋區,莒光分隊,縣民大道三段247巷,3.8,140,25.02630408,121.47918948
203,板橋區,莒光分隊,雙十路二段2巷,2.8,110,25.02568608,121.47529618
204,板橋區,莒光分隊,雙十路二段47巷6弄,3.9,101,25.02603908,121.47298658
205,板橋區,莒光分隊,雙十路二段69巷,2.3,225,25.02629798,121.47245628
206,板橋區,莒光分隊,雙十路三段66巷,4.1,57,25.03191018,121.46813283
207,板橋區,莒光分隊,懷仁街14巷,4.1,117,25.01973583,121.47329503
208,板橋區,莒光分隊,懷仁街24巷,4.1,89,25.01971898,121.47377238
209,板橋區,莒光分隊,懷仁街34巷,4.1,110,25.01928593,121.47357618
210,板橋區,莒光分隊,懷仁街35巷,4.1,221,25.01958343,121.47410813
211,板橋區,莒光分隊,懷仁街77巷,4.1,121,25.01877913,121.47488603
212,板橋區,莒光分隊,懷德街127巷23弄,3.8,119,25.03110883,121.47713048
213,新莊區,新莊分隊,中正路263巷(含10弄),1.4-3.6,155,25.03484968,121.44720228
214,新莊區,新莊分隊,中港路48巷(含23弄),1.9-4.65,153,25.03836083,121.45329208
215,新莊區,新莊分隊,中港路161巷,2.2,110,25.04094638,121.45177518
216,新莊區,新莊分隊,中港路221巷(含1、3弄),2.9,120,25.04232948,121.45215043
217,新莊區,新莊分隊,中港路339巷,3.4-3.9,230,25.04533833,121.44920218
218,新莊區,新莊分隊,中港路653巷,2.3,90,25.05523978,121.44835823
219,新莊區,新莊分隊,中華路二段3巷,2.78,150,25.04588328,121.45082378
220,新莊區,新莊分隊,中華路一段166巷,2.83,135,25.04181008,121.45045938
221,新莊區,新莊分隊,公園路202巷與永寧街間道路,2.5-4,200,25.03971778,121.45153868
222,新莊區,新莊分隊,永寧街(含1、19、24、26巷),3.4,272,25.02176792,121.4441204
223,新莊區,新莊分隊,幸福路64巷(含1弄),2.7-3.3,100,25.04973758,121.45455138
224,新莊區,新莊分隊,幸福路528巷(含3、4弄),3.2-3.6,110,25.04952483,121.45329313
225,新莊區,新莊分隊,幸福路715巷,3.1-3.3,111,25.04885458,121.44695338
226,新莊區,新莊分隊,昌平街31巷與昌平街59巷間道路,3.5,120,25.05324038,121.45198798
227,新莊區,新莊分隊,建中街116巷(新泰公園旁),3.35,110,25.03696963,121.44310443
228,新莊區,新莊分隊,泰順街,2.6-3.8,154,25.02405258,121.52882668
229,新莊區,新莊分隊,復興路二段60巷(含2、8弄),3.4,186,25.04381208,121.45271038
230,新莊區,新莊分隊,新央街,3.5,123,25.04016628,121.45406508
231,新莊區,新莊分隊,新泰路150巷(含8弄),1.8-3.9,190,25.03790918,121.44514698
232,新莊區,新莊分隊,新泰路347巷(含5、6弄),1.9-4,200,25.04206663,121.44200708
233,新莊區,新莊分隊,新莊路150巷,2.7-4.1,120,25.03565498,121.45281278
234,新莊區,新莊分隊,新莊路313巷,2.1-3.45,74,25.03422503,121.45080833
235,新莊區,新莊分隊,新莊路477巷,0.9~1.7,130,25.03303038,121.44652158
236,新莊區,新莊分隊,新莊路493巷(含4弄),1.73-2.57,140,25.03307228,121.44616848
237,新莊區,新莊分隊,新莊路565巷(含6、8弄),1.73-1.94,180,25.03315038,121.44438978
238,新莊區,新莊分隊,新莊路751巷1～49號,3.3,115,25.03266488,121.44024508
239,新莊區,新莊分隊,新興街(含21、27、31、37、36、38、48、62、66、76、94、102、108、114巷),1.63-3.53,900,25.01975803,121.44673367
240,新莊區,新莊分隊,豐年街51巷,2.6,140,25.03176053,121.44423558
241,新莊區,新莊分隊,豐年街90巷,3,140,25.03095823,121.44350693
242,新莊區,新莊分隊,瓊林路40巷,4,142,25.02697566,121.43923039
243,新莊區,新莊分隊,瓊林路42巷,2.75,110,25.02665196,121.43912449
244,新莊區,新莊分隊,瓊泰路80巷,3.6,108,25.02918413,121.44128103
245,新莊區,福營分隊,福營路25巷,3.1~4,95,25.03268218,121.43537288
246,新莊區,福營分隊,福營路97巷,2.5~5.8,230,25.03194563,121.43180163
247,新莊區,福營分隊,瓊林北路,2.7~4.1,200,25.02200258,121.43654708
248,新莊區,裕民分隊,後港二路,2.5~6,200,25.02297228,121.41936598
249,新莊區,頭前分隊,新莊區化成路36巷,寬度：2.0-5.0,長度：112,25.04304658,121.46298388
250,新莊區,頭前分隊,新莊區化成路63巷24弄,寬度：2.4-4.0,長度：150,25.04596958,121.46017978
251,新莊區,頭前分隊,新莊區化成路63巷26弄,寬度：2.8-4.3,長度：170,25.04617628,121.46019548
252,新莊區,頭前分隊,新莊區化成路205巷,寬度：2.5-3.6,長度：130,25.05115493,121.46292988
253,新莊區,頭前分隊,新莊區化成路332巷,寬度：1.5-3.9,長度：95,25.04882348,121.46317428
254,新莊區,頭前分隊,新莊區化成路352巷,寬度：2.2-3.8,長度：100,25.04908908,121.46359508
255,新莊區,頭前分隊,新莊區化成路398巷,寬度：3.0-7.0,長度：125,25.05054988,121.46387028
256,新莊區,頭前分隊,新莊區化成路438巷,寬度：2.5-5.0,長度：130,25.05133538,121.46359788
257,新莊區,頭前分隊,新莊區化成路492巷,寬度：3.3-9.5,長度：120,25.05184128,121.46449088
258,新莊區,頭前分隊,新莊區中正路56巷,寬度：2.7-5.0,長度：180,25.04058728,121.45894988
259,新莊區,頭前分隊,頭前路22巷,寬度：3.2-3.8,長度：110,25.05300628,121.46529808
260,新莊區,頭前分隊,新莊區頭前路58巷,寬度：1.6-3.8,長度：100,25.05294568,121.46424818
261,泰山區,泰山分隊,民權街3巷,3.8-4.7,132,25.05124148,121.42566448
262,泰山區,泰山分隊,明志路一段256巷,2.7-4,120,25.06029263,121.42945008
263,泰山區,泰山分隊,明志路一段352巷,3.8,160,25.05856048,121.42797728
264,泰山區,泰山分隊,泰山區明志路一段483巷,寬度：3.8米,長度：71米,25.05549188,121.42812318
265,泰山區,泰山分隊,泰山區泰林路二段164巷,寬度：2.3-6米,長度：60米,25.06097408,121.43196298
266,泰山區,泰山分隊,明志路二段214巷18弄,3.7-3.9,140,25.04991788,121.42381468
267,泰山區,泰山分隊,明志路三段196巷(含7、10、21、23、31、42、50弄),1.8-4,300,25.03949378,121.42031598
268,泰山區,泰山分隊,泰山區文化街(明志路一段至明志路一段117巷之間),寬度：3.8-5.1米,長度：100米,25.06357718,121.43258378
269,泰山區,泰山分隊,泰山區福泰街62巷,寬度：3.2米,長度：80米,25.05920278,121.43190538
270,泰山區,泰山分隊,信義街,3.8,117,25.02370794,121.38506516
271,泰山區,泰山分隊,福德街,3.8-4.1,210,25.01975803,121.44673367
272,泰山區,泰山分隊,應化街6巷,3.4,102,25.04403783,121.42199643
273,五股區,五股分隊,民義路一段172巷,2.8~3.8,150,25.08792758,121.43051463
274,五股區,五股分隊,成泰路二段147巷,2.8~3.8,150,25.08657993,121.43565213
275,五股區,五股分隊,成泰路三段577巷80弄,2.7-6,109,25.10453318,121.44703848
276,五股區,五股分隊,登林路86號旁道路,,110,25.07000558,121.42670623
277,三重區,三重分隊,文化南路25巷,0.8,100,25.06190208,121.49734598
278,三重區,三重分隊,文化南路47巷,2,100,25.06119108,121.49719158
279,三重區,三重分隊,龍濱路9巷,2,50,25.06747173,121.50064143
280,三重區,三重分隊,龍濱路17巷,2,100,25.06785373,121.50090678
281,三重區,三重分隊,龍濱路35巷,2,100,25.06831373,121.50046338
282,三重區,三重分隊,龍濱路43巷,2,100,25.06849613,121.50041608
283,三重區,三重分隊,三和路四段181巷,4,600,25.07945858,121.48161603
284,三重區,三重分隊,三和路四段191巷,1.8,200,25.07941668,121.48052838
285,三重區,三重分隊,三和路四段203巷,2.3,600,25.07990563,121.48140898
286,三重區,三重分隊,仁愛街55巷,3,450,25.07257468,121.49565278
287,三重區,三重分隊,溪尾街230巷,2,200,25.08169478,121.48526948
288,三重區,三重分隊,正義北路244巷,2.5,120,25.06803193,121.49278033
289,三重區,三重分隊,正義北路256巷,3,150,25.06822953,121.49244118
290,三重區,三重分隊,介壽路39巷,1,300,25.07032278,121.49807388
291,三重區,三重分隊,長壽街120巷,1.5,240,25.07060508,121.49917748
292,三重區,三重分隊,五華街63巷,2.5,160,25.08338908,121.49149638
293,三重區,三重分隊,五華街71巷,3,310,25.08365128,121.49130518
294,三重區,三重分隊,錦通街,2,100,25.06453888,121.49742428
295,三重區,三重分隊,文化北路224巷,2,100,25.06901253,121.49465928
296,三重區,三重分隊,文化北路26巷,1,100,25.06458463,121.49618933
297,三重區,三重分隊,三和路三段101巷,2,200,25.07322888,121.49453558
298,三重區,二重分隊,五谷王南街46巷,1~4.1不等,250,25.04522483,121.47149993
299,三重區,二重分隊,五谷王北街80巷,3.7,180,25.05306398,121.47313083
300,三重區,二重分隊,頂崁街217巷,2.5~3.7不等,180,25.06779928,121.47487348
301,三重區,二重分隊,頂崁街192巷（含3弄）,2.6,140,25.06648073,121.47448523
302,三重區,二重分隊,忠孝路三段7巷,3.3,140,25.06772243,121.47846583
303,三重區,二重分隊,永福街46巷15弄及58巷1弄,2.7~3.0,160,25.07598973,121.47889313
304,三重區,二重分隊,永福街98巷,3,150,25.07601458,121.47680078
305,三重區,二重分隊,永安北路一段3巷,2.6,130,25.07469268,121.47409173
306,三重區,二重分隊,永安北路一段11巷,2.6~3.9不等,120,25.07486078,121.47398883
307,三重區,二重分隊,三和路四段396巷1弄,3.6,220,25.07931208,121.47871728
308,三重區,二重分隊,三和路四段400巷,3.0,160,25.07940898,121.47833903
309,三重區,二重分隊,永安北路一段27巷,2.5,140,25.07554518,121.47437548
310,三重區,二重分隊,永福街138巷,3.3,140,25.07476388,121.47763938
311,三重區,二重分隊,力行路二段136巷,3~4不等,350,25.07554048,121.47901358
312,三重區,二重分隊,永安北路一段33巷,2.5,140,25.07590843,121.47453283
313,三重區,二重分隊,永安北路一段21巷,2,150,25.07533988,121.47434268
314,三重區,二重分隊,永安北路一段37巷,3.3,120,25.07611188,121.47446203
315,三重區,重陽分隊,大同北路44巷,,,25.06273178,121.49181888
316,三重區,重陽分隊,大同北路34巷54弄,,,25.06197088,121.49124753
317,三重區,重陽分隊,大同南路161巷,,,25.05536288,121.49343818
318,三重區,重陽分隊,中正南路36巷,,,25.06035328,121.49146668
319,三重區,重陽分隊,中正南路52巷11弄,,,25.05999523,121.49188008
320,三重區,重陽分隊,仁化街31巷8弄,,,25.05904393,121.49085623
321,三重區,重陽分隊,仁化街31巷22弄,,,25.05880433,121.49063723
322,三重區,重陽分隊,六張街194巷2弄,,,25.06845628,121.48673868
323,三重區,重陽分隊,忠孝路一段30巷,,,25.07162918,121.48882028
324,蘆洲區,鷺江分隊,永平街32巷11弄,3.2~4.4,153.2,25.09157543,121.45596208
325,蘆洲區,鷺江分隊,永平街32巷33弄,3.4,152.0,25.09239263,121.45624423
326,蘆洲區,鷺江分隊,永樂街38巷19弄,3.5-3.8,187.4,25.08957343,121.45460278
327,蘆洲區,鷺江分隊,永樂街38巷45弄,3.2-3.8,157.2,25.08989518,121.45544378
328,蘆洲區,鷺江分隊,永樂街38巷67弄,3.3-4.3,168.2,25.09069318,121.45558593
329,蘆洲區,鷺江分隊,中正路185巷13弄,3.5,86,25.08473428,121.46521953
330,蘆洲區,鷺江分隊,中正路185巷31弄,3.5-4.6,143.6,25.08336258,121.46438953
331,蘆洲區,鷺江分隊,長安街98巷,3.5-5.2,121.2,25.08136568,121.45981548
332,蘆洲區,鷺江分隊,長安街331巷,3.6,142.2,25.01314058,121.47015198
333,蘆洲區,鷺江分隊,長安街361巷,3.3-3.6,142.2,25.08751938,121.45291918
334,蘆洲區,鷺江分隊,民權路72巷,2.8-3.6,162.7,25.08803168,121.47279678
335,蘆洲區,鷺江分隊,民權路82巷,3.3-4.6,108.6,25.08793668,121.47230418
336,蘆洲區,鷺江分隊,民權路121巷,2.8-4.2,長度約142.4,25.05207597,121.4235384
337,蘆洲區,鷺江分隊,民族路336巷,1.6-5.6,235.2,25.09182378,121.47548098
338,蘆洲區,鷺江分隊,民族路422巷,3.3-4.2,284.0,25.09347498,121.47094138
339,蘆洲區,鷺江分隊,民義街86巷,3.1-5.6,121.7,25.09032393,121.47100688
340,蘆洲區,鷺江分隊,復興路227巷2弄,3.0-3.4,181.9,25.09020973,121.47790153
341,蘆洲區,鷺江分隊,仁愛街161巷,3.8-5.6,113.9,25.09379868,121.46637528
342,蘆洲區,鷺江分隊,仁愛街212巷,3.6-7.4,198.1,25.09365418,121.46197568
343,盧洲區,蘆洲分隊,中山一路135巷6弄,,,25.08070833,121.47300778
344,盧洲區,蘆洲分隊,光華路65巷,,,25.08210688,121.46614998
345,盧洲區,蘆洲分隊,中山二路265巷,,,25.07955698,121.46808158
346,盧洲區,蘆洲分隊,中山二路137巷,,,25.08096828,121.46970888
347,盧洲區,蘆洲分隊,和平路121巷8弄,,,25.07999168,121.46420448
348,盧洲區,蘆洲分隊,民族路33巷,,,25.11067693,121.45007773
349,盧洲區,蘆洲分隊,中山一路122巷,,,25.08181648,121.47437508
350,盧洲區,蘆洲分隊,信義路157巷,,,25.08157078,121.47639688
351,八里區,八里分隊,中山路二段323巷,,,25.14724238,121.39812838
352,八里區,八里分隊,華峰一街,,,25.14631378,121.39609528
353,八里區,八里分隊,華峰三街,,,25.14579148,121.39649068
354,八里區,龍源分隊,中山路一段83巷,,,25.15899968,121.41438858
355,八里區,八里分隊,中山路一段157巷,,,25.15825038,121.41046238
356,八里區,八里分隊,中山路二段500巷,,,25.14734508,121.39495888
357,八里區,八里分隊,中山路二段540巷,,,25.14683288,121.39405958
358,八里區,八里分隊,挖子尾街,,,25.16445398,121.40780398
359,八里區,龍源分隊,龍形一街12巷5弄,3.5,65,25.13080388,121.44712598
360,八里區,龍源分隊,龍米路一段100巷,3.5~4,80,25.12507458,121.45097938
361,八里區,龍源分隊,龍米路二段206巷,2.3~4,200,25.15266839,121.4291827
362,八里區,龍源分隊,龍米路二段232巷,2.6~4.8,100,25.15896263,121.42882148
363,八里區,龍源分隊,龍米路三段17巷,2.3~3.2,250,25.15852928,121.42549928
364,淡水區,淡水分隊,大忠街34巷,3.1-4.5不等,140,25.06804361,121.28980691
365,淡水區,淡水分隊,真理街3巷,1.5~2.3不等,300,25.17474033,121.43490083
366,淡水區,淡水分隊,新生街90巷,3.1~4.2不等,105,25.08831565,121.37904756
367,淡水區,淡水分隊,鄧公路31巷,2.8-4.2不等,170,25.16991113,121.45037858
368,淡水區,淡水分隊,鄧公路33巷,3.9-5.8m不等,150,25.17003903,121.45036498
369,淡水區,淡水分隊,鄧公路35巷,2.8~5.6不等,202,25.17019908,121.45052243
370,淡水區,淡水分隊,平遠街,3.1-3.6.m不等,110,23.74664724,103.76595238
371,淡水區,淡水分隊,學府路205巷,2.3-4.6不等,220,25.17538548,121.44312738
372,淡水區,淡水分隊,水源街二段177巷52弄,3.1~4.4不等,120,25.17721978,121.45047163
373,淡水區,淡水分隊,水源街一段47巷,2.3~3.5不等,210,25.17286763,121.44132233
374,淡水區,淡水分隊,水源街一段53巷,2.2~3.3不等,180,25.17289013,121.44249648
375,淡水區,淡水分隊,新民街162巷,2.5~3.2不等,202,25.17943098,121.43619158
376,淡水區,淡水分隊,新民街180巷,3.2~5.2不等,173,25.17918478,121.43497778
377,淡水區,淡水分隊,大仁街6巷,2.7~4.1不等,170,25.01710998,121.45336558
378,淡水區,淡水分隊,水源街二段74巷,2.8-3.5M不等,150,25.17395873,121.44891448
379,淡水區,淡水分隊,水源街二段92巷,3.7-4.7M不等,300,25.17403528,121.44955828
380,淡水區,淡水分隊,北新路182巷3弄,3.4-4不等,110,25.17805428,121.44692063
381,淡水區,淡水分隊,北新路182巷5弄,4-4.8不等,125,25.17746768,121.44692428
382,淡水區,淡水分隊,北新路182巷21弄,3-3.8不等,140,25.17738298,121.44640478
383,淡水區,淡水分隊,北新路182巷41弄,3.4-4.4不等,155,25.17725428,121.44578298
384,淡水區,淡水分隊,重建街96～200號,1.7~2.7不等,200,25.17259008,121.43747458
385,淡水區,淡水分隊,真理街1巷,3.7~4.7不等,140,25.17332478,121.43587768
386,淡水區,淡水分隊,真理街4巷,2.1~2.9不等,170,25.17380918,121.43410188
387,淡水區,淡水分隊,新生街80巷,3.7~4.5不等,140,25.088503,121.37884361
388,淡水區,淡水分隊,學府路181巷,1.4~3.3不等,180,25.17496798,121.44371428
389,淡水區,淡水分隊,英專路21巷,2.8-4m不等,120M,25.16976198,121.44232578
390,淡水區,淡水分隊,英專路28巷2弄,3.1-4.2m不等,125M,25.16936533,121.44314868
391,淡水區,竹圍分隊,民生路52巷,3.8~5.0不等,200,25.13766588,121.45997078
392,淡水區,竹圍分隊,民生路113巷3弄,1.4~3.8不等,200,25.13897843,121.46123723
393,淡水區,竹圍分隊,民權路145巷,1.9~3.8不等,100,25.05922752,121.41381626
394,淡水區,竹圍分隊,民權路173巷,3.3~3.5不等,100,25.13573638,121.45728188
395,淡水區,竹圍分隊,民族路29巷,3.0~5.0不等,500,25.13717518,121.45930538
396,三芝區,三芝分隊,中山路一段88巷(智成街),5.7,115,25.1332618,121.31736578
397,三芝區,三芝分隊,中興街42巷,3.6,297.6,24.15621497,120.25662928
398,三芝區,三芝分隊,育英街24巷,3.4,110,25.25719018,121.49933958
399,石碇區,石碇分隊,石碇西街2號,寬度：3米,長度：170米,24.99096608,121.65673128
400,新店區,直潭分隊,秀山路45巷,寬度：3米,長度：100米,25.14481278,121.48969978
401,深坑區,深坑分隊,北深路一段112巷,寬度：6米,長度：300米,25.01091898,121.63290828
402,深坑區,深坑分隊,北深路一段83巷,寬度：6米,長度：100米,25.01039498,121.63376878
403,新店區,新店分隊,三民路35巷,寬度：2米,長度：150米,25.01290627,121.50928465
404,新店區,新店分隊,三民路75巷1弄,寬度：4米,長度：100米,24.97101683,121.53314338
405,新店區,新店分隊,中正路183巷,寬度：巷口約3.5,長度：70米,25.01621638,121.45311988
406,新店區,新店分隊,中正路312巷,寬度：5米，10及12號1.5米,長度：200米,24.97488418,121.53483328
407,新店區,新店分隊,中正路329巷,寬度：4米,長度：260米,24.97438198,121.53269278
408,新店區,新店分隊,中正路382巷,寬度：5米,長度：200米,24.97765728,121.53265198
409,新店區,新店分隊,中正路695巷,寬度：2米,長度：100米,24.24861908,120.69912118
410,新店區,新店分隊,中興路三段228巷,寬度：前段1.5米，後段4米。,長度：100米,24.98335068,121.54144298
411,新店區,新店分隊,中興路三段247巷,寬度：3米,長度：100米,24.98371508,121.53971518
412,新店區,新店分隊,北新路三段171巷,寬度：3米,長度：80米,24.98391663,121.53832133
413,新店區,新店分隊,文化路80巷,寬度：3米,長度：50米,24.98137718,121.54205488
414,新店區,新店分隊,順安街54巷,寬度：4米,長度：100米,24.98613418,121.53845708
415,新店區,新店分隊,中華路42巷,寬度：5米,長度：200米,24.96900548,121.53838968
416,新店區,新店分隊,中華路54巷,寬度：5米,長度：200米,24.96910688,121.53765988
417,新店區,新店分隊,寶安街2巷,寬度：3米,長度：100米,24.98274523,121.53993888
418,新店區,新店分隊,寶安街4巷,寬度：3米,長度：80米,24.98290218,121.53977463
419,新店區,新店分隊,寶安街16巷,寬度：4米,長度：80米,24.98247458,121.53976938
420,新店區,新店分隊,寶安街58巷後段,寬度：3米,長度：70米,25.01973674,121.38493175
421,新店區,新店分隊,自由街,寬度：5米,長度：300米,25.01659584,121.37615436
422,新店區,新店分隊,民權路42巷,寬度：前段4米，中後段2米,長度：120米,24.98365918,121.53698458
423,新店區,新店分隊,博愛街2巷,寬度：3米,長度：30米,24.98298597,121.40152211
424,新店區,新店分隊,博愛街13巷,寬度：3米,長度：120米,24.97357278,121.53812138
425,新店區,新店分隊,博愛街25巷,寬度：3米,長度：150米,24.97415468,121.53823118
426,新店區,安和分隊,永安街68巷,寬度：5.4米,長度：100米,24.98640118,121.51668368
427,新店區,安和分隊,新和街66巷,寬度：4米,長度：55米,24.98528108,121.51766248
428,新店區,安康分隊,安康路二段205巷,寬度：2米,長度：100米,24.95816208,121.50661438
429,新店區,安康分隊,安康路三段425巷,寬度：2米,長度：100米,24.94973043,121.48081603
430,新店區,安康分隊,安康路二段289巷,3~4米,110米,24.95682863,121.49855998
431,新店區,安康分隊,安康路二段234巷,2.5~3米,150米,24.95960143,121.50680768
432,新店區,安和分隊,新和街31巷,2.7-3m,120m,24.98510233,121.51631033
433,新店區,安和分隊,永安街63巷,2.5-3m,100m,24.98713178,121.51668738
434,新店區,安和分隊,安和路三段175巷,3-3.8m,100m,24.98604693,121.51310098
435,新店區,安和分隊,安康路一段195巷,3米,100米,24.96226648,121.52413508
436,新店區,安和分隊,安康路一段207巷,2.2米,120米,24.96216938,121.52319158
437,新店區,安和分隊,安康路一段263巷,2-3.2米,100米,24.96250808,121.52154868
438,新店區,安和分隊,安康路一段291巷,1.7-2.6m,120m,24.96334043,121.52018798
439,新店區,安和分隊,光華街7巷,1-2.9m,120m,24.96845338,121.51491368
440,樹林區,樹林分隊,福德街,2.5~4不等,300,25.01975803,121.44673367
441,樹林區,樹林分隊,博愛街2巷,2.5,80,24.98298597,121.40152211
442,樹林區,樹林分隊,中山路三段155巷,2.5,80,24.97261748,121.39318198
443,樹林區,樹林分隊,四德街7巷,2,80,24.99189593,121.42367668
444,樹林區,樹潭分隊,工興街14巷,3.1M,110M,25.01353588,121.39685268
445,樹林區,樹潭分隊,中正路632巷,3.3M,80M,25.01640908,121.40779268
446,土城區,清水分隊,永豐路157巷,3.4,300,24.98155938,121.46544228
447,土城區,清水分隊,學府路一段256巷4弄,3.2,100,24.98528848,121.44863548
448,土城區,頂埔分隊,中央路二段192巷,3~4不等,110,24.97602358,121.43910433
449,土城區,頂埔分隊,中央路四段46巷,3公尺,200,24.96102528,121.41804733
450,土城區,頂埔分隊,民安街,3公尺,240,25.00123038,121.47531168
451,土城區,頂埔分隊,德安街,3公尺,300,25.01973674,121.38493175
452,土城區,頂埔分隊,中央路一段318巷19弄,,140,24.98173493,121.43981573
453,三峽區,隆恩分隊,清水街,寬度：3.5m,長度：330m,25.04768043,121.24118217
454,三峽區,隆恩分隊,忠孝街,寬度：3m,長度：100m,25.01105407,121.4368294
455,三峽區,隆恩分隊,長福街,寬度：3.5m,長度：60m,24.93368328,121.36765078
456,三峽區,隆恩分隊,文化路146巷,寬度：2m,長度：110m,24.93663658,121.36780098
457,三峽區,隆恩分隊,和平街29巷,寬度：3.5m,長度：140m,24.93563588,121.36708858
458,三峽區,隆恩分隊,秀川街,寬度：2m,長度：150m,24.93430788,121.36927598
459,三峽區,三峽分隊,介壽路二段38巷,2.8~3不等,200,24.93442638,121.38907188
460,鶯歌區,鶯歌分隊,中正三路210巷,2.3~3不等,120,24.93823408,121.32934328
461,鶯歌區,鳳鳴分隊,中正一路223巷,3,120,24.95731948,121.35151123
462,鶯歌區,鳳鳴分隊,大湖路460巷,4,120,24.97254478,121.33738888
463,鶯歌區,鳳鳴分隊,大湖路468巷,4,120,24.97247208,121.33705318
464,鶯歌區,鶯歌分隊,育英街6巷,2.3,130,24.95428798,121.34377408
465,汐止區,汐止分隊,建成路142巷45弄,2.4~2.6,100,25.07458273,121.65960568
466,汐止區,汐止分隊,龍安路2巷,1.6-2.2,110,,
467,汐止區,汐止分隊,茄苳路282巷,2.4~3.2,160,25.06768573,121.66973588
468,汐止區,汐止分隊,復興路31號至51號,3.2~3.3,70,24.98976418,121.50273128
469,汐止區,社后分隊,光復街7、8巷,2.1~3,2KM,25.01925828,121.47865038
470,汐止區,橫科分隊,橫科路18巷,3~6不等,200,25.04856786,121.61725154
471,汐止區,橫科分隊,宜興街10巷,3~5不等,100,25.04119208,121.61889713
472,汐止區,橫科分隊,宜興街20巷,3~5不等,100,25.04126958,121.61923338
473,汐止區,橫科分隊,宜興街30巷,3~5不等,40,25.04164618,121.61935753
474,汐止區,橫科分隊,林森街69巷,3~5不等,10,25.03228528,121.47037221
475,汐止區,橫科分隊,民權街二段81巷,3~5不等,70,25.04781348,121.61687483
476,汐止區,橫科分隊,合順街13巷,3~7不等,130,25.04350098,121.61730928
477,汐止區,橫科分隊,合順街18巷,3~5不等,110,25.04292628,121.61723058
478,汐止區,橫科分隊,弘道街53巷19弄,3~5不等,70,25.04946353,121.61574473
479,汐止區,橫科分隊,汐止區橫科路52巷14弄,寬度：3.9米,長度：60米,25.05030808,121.61580518
480,瑞芳區,瑞芳分隊,明燈路三段50巷,3.3M,70M,25.10808178,121.80466008
481,瑞芳區,瑞芳分隊,岳王路一巷,3.5M,200M,25.11063748,121.80343438
482,瑞芳區,瑞芳分隊,三爪子坑路91巷,3.5M,長度約：200M,25.10603283,121.80785858
483,瑞芳區,瑞芳分隊,三爪子坑路47巷,2M,長度約：140M,25.10675953,121.81265123
484,瑞芳區,瑞芳分隊,三爪子坑路149巷,3.1M,長度約：120M,25.10639388,121.80822158
485,瑞芳區,瑞芳分隊,三爪子坑路111巷,2.5M,長度約：150M,25.10682488,121.80824328
486,瑞芳區,瑞芳分隊,三爪子坑路32巷,3.6M,長度約：180M,25.10688341,121.80803694
487,瑞芳區,瑞芳分隊,東和路80～104號,2.8M,長度約：200M,25.10384448,121.80114728
488,瑞芳區,瑞芳分隊,三爪子坑路13巷,3.6M,長度約：125M,25.10639294,121.79961945
489,瑞芳區,瑞芳分隊,岳王路41～125號,3.7M,長度約：125M,25.11124338,121.80471798
490,瑞芳區,瑞芳分隊,岳王路72～162號,2.7M,長度約：150M,25.11113238,121.80699678
491,瑞芳區,瑞亭分隊,大埔路103巷,2.06~3.8公尺不等,138公尺,25.10039238,121.75997028
492,瑞芳區,九份分隊,新山路,3.4-8公尺,1000公尺,25.10885318,121.84994778
493,金山區,金山分隊,溫泉路2巷,3~4m,150m,25.22206518,121.63786638
494,金山區,金山分隊,金包里街,3-5m,600m,25.22187748,121.63571268
495,金山區,金山分隊,民生路51巷,3M,130M,25.21998408,121.63987188
496,萬里區,萬里分隊,龜吼里漁澳62號之2旁巷弄,2.3,180,25.19529468,121.68462933
497,萬里區,萬里分隊,野柳里港東111號旁巷弄,2.2,150,25.19974641,121.68368669
498,萬里區,萬里分隊,大鵬里加投288號旁巷弄,2.2,180,25.21678678,121.63976588
499,萬里區,萬里分隊,大鵬里加投287之14號旁巷弄,2.2,200,25.21256552,121.62366943
500,石門區,石門分隊,老梅村公地,2.4~3.9,1200,25.26969983,121.5067329
501,中和區,南勢分隊,中興街115巷1弄,寬度：1.5米~6米,長度：115米,24.99228738,121.49795568
502,中和區,南勢分隊,中興街175巷,寬度：3米,長度：170米,24.99050518,121.49813118
503,中和區,南勢分隊,中興街233巷8弄,寬度：4米,長度：135米,24.98958408,121.49877948
504,中和區,南勢分隊,秀朗路三段60巷,寬度：3.1米~4.7米,長度：240米,24.99495928,121.52298558
505,中和區,南勢分隊,忠孝街11巷,寬度：3.8米4米,長度：145米,24.98429738,121.50685888
506,中和區,南勢分隊,忠孝街101巷11弄,寬度：4米,長度：83米,24.98353002,121.38562941
507,中和區,南勢分隊,保健路29巷,寬度：2-4.2米,長度：135米,24.99804658,121.50618968
508,中和區,南勢分隊,復興路280巷18弄,寬度：1米,長度：150米,24.99168773,121.49986798
509,中和區,南勢分隊,復興路280巷46弄,寬度：1.5米,長度：65米,24.99209663,121.49856898
510,中和區,南勢分隊,景平路92巷(單號),寬度：2.5米,長度：110米,24.99135253,121.51847608
511,中和區,南勢分隊,景平路111巷9弄,寬度：3.5米6米,長度：230米,24.99107618,121.51430253
512,中和區,南勢分隊,景平路151巷9弄,寬度：3.1米~3.8米,長度：100米,24.99153198,121.51171493
513,中和區,南勢分隊,景平路155巷,寬度：3米,長度：130米,24.99193168,121.51086928
514,中和區,南勢分隊,景平路159巷35弄,寬度：3米,長度：140米,24.99135788,121.51129978
515,中和區,南勢分隊,景平路221巷,寬度：2.9米,長度：104米,24.99242653,121.50759743
516,中和區,南勢分隊,景安路208巷,寬度：2米,長度：250米,24.99119323,121.50090158
517,中和區,南勢分隊,景新街418巷,寬度：2.2-3.6米,長度：490米,24.98862873,121.51003108
518,中和區,南勢分隊,景新街423巷35弄,寬度：5米,長度：115米,24.98995593,121.51142253
519,中和區,南勢分隊,景新街496巷,寬度：3.9-4.5米,長度：580米,24.98663738,121.51096478
520,中和區,南勢分隊,華新街50巷,寬度：2.2-3.9米,長度：230米,24.98401798,121.50524063
521,中和區,南勢分隊,華新街143巷57弄,寬度：2.5米,長度：80米,24.97983518,121.50411958
522,中和區,南勢分隊,華新街143巷106弄,寬度：2.9米,長度：166米,24.97893708,121.50387553
523,中和區,南勢分隊,興南路二段34巷55弄,寬度：2.8米,長度：106米,24.98607728,121.50268858
524,中和區,員山分隊,中山路二段242巷,寬度：3-5.5,長度：100,25.00317298,121.49498578
525,中和區,員山分隊,中山路二段523巷2弄,寬度：4-8,長度：100,25.00492118,121.47884543
526,中和區,員山分隊,中山路二段596巷,寬度：4-6,長度：120,25.00590848,121.47917928
527,中和區,員山分隊,民樂路80巷,寬度：2.5-4,長度：100,25.00120268,121.48183553
528,中和區,員山分隊,員山路226巷,3.3公尺,200公尺,25.00070633,121.47913798
529,中和區,員山分隊,員山路486巷,寬度：1.5-4,長度：120,25.00697518,121.47738963
530,中和區,員山分隊,連城路109巷,寬度：3.3-7,長度：220,24.99839848,121.49441568
531,中和區,員山分隊,連城路347巷6弄,寬度：4.1米,長度：200米,24.99546358,121.48554708
532,中和區,員山分隊,連城路347巷18弄,寬度：3.3-5.5,長度：250,24.99482898,121.48556883
533,中和區,員山分隊,圓通路252巷5弄,寬度：4.1米,長度：150米,24.99145603,121.49046943
534,中和區,員山分隊,圓通路265巷,寬度：4.1米-5米,長度：200米,24.99279933,121.49343113
535,中和區,員山分隊,圓通路393巷19弄,寬度：4米-6米,長度：100,24.98865498,121.48754483
536,中和區,員山分隊,福祥路85巷2弄,寬度：4.7米,長度：100米,25.00597368,121.49605768
537,中和區,國光分隊,中山路三段20～30號,寬度：2米,長度：108米,25.00631268,121.47698068
538,中和區,國光分隊,中山路三段170巷4弄,寬度：3.5米,長度：100米,25.00696913,121.47054613
539,中和區,國光分隊,中山路三段170巷8弄,寬度：3.5米,長度：100米,25.00725038,121.47037068
540,中和區,國光分隊,民生街35巷,寬度：3.5-5米,長度：100米,25.00487008,121.46793428
541,中和區,國光分隊,民安街111巷,寬度：2.4米,長度：120米,24.99944273,121.47479738
542,中和區,國光分隊,民享街97巷,寬度：3.5-5.5米,長度：105米,24.99957908,121.47265988
543,中和區,國光分隊,民治街2巷,寬度：1~2米,長度：120米,25.00563918,121.47180938
544,中和區,國光分隊,國光街112巷,寬度：3.5-6米,長度：250米,25.00155978,121.46716008
545,中和區,國光分隊,國光街215巷10弄,寬度：3.5-5米,長度：150米,25.00033303,121.46463778
546,永和區,永和分隊,大新街73巷,寬度：1.2米-4米,長度：120米,25.00828408,121.51516513
547,永和區,永和分隊,中正路654巷,寬度：2.8米,長度：120米,25.00858078,121.51503628
548,永和區,永和分隊,中正路662巷,寬度：4.4-2.8米,長度：120米,25.00879578,121.51502478
549,永和區,永和分隊,中正路666巷,寬度：4.4-2.8米,長度：150米,25.00906898,121.51550608
550,永和區,永和分隊,中正路724巷,寬度：1.2米,長度：100米,25.01085498,121.51332188
551,永和區,永和分隊,中正路732巷,寬度：1.2米,長度：100米,25.01048598,121.51298668
552,永和區,永和分隊,中興街10巷,寬度：2.7-3.3米,長度：220米,25.02397027,121.4416439
553,永和區,永和分隊,永安街,寬度：2.6米-6米,長度：300米,25.01554932,121.44398415
554,永和區,永和分隊,永安街4巷,寬度：1.2米,長度：120米,25.00581728,121.51662568
555,永和區,永和分隊,永利路7巷,寬度：4-2.8米,長度：120米,25.00637778,121.51489928
556,永和區,永和分隊,永利路10巷,寬度：3.5米,長度：100米,25.00509068,121.51526978
557,永和區,永和分隊,永利路36巷,寬度：2.8米,長度：100米,25.00534073,121.51606263
558,永和區,永和分隊,永和路二段276巷,寬度：1.4-2米,長度：100米,25.01532198,121.51407878
559,永和區,永和分隊,光復街2巷11弄,寬度：1.2米-4米,長度：100米,25.01670798,121.51465133
560,永和區,永和分隊,安樂路272巷,寬度：1.5米-4米,長度：150米,25.00420018,121.51212763
561,永和區,永和分隊,竹林路39巷19弄,寬度：2.2米,長度：150米,25.01489038,121.51619598
562,永和區,永和分隊,竹林路39巷32弄,寬度：4.4-1.6米,長度：100米,25.01493313,121.51733738
563,永和區,永和分隊,竹林路75巷,寬度：2.4米-8米,長度：150米,25.01353888,121.51696308
564,永和區,永和分隊,竹林路75巷4弄,寬度：1.5米,長度：100米,25.01395983,121.51818953
565,永和區,永和分隊,竹林路75巷25弄,寬度：1.5米-3.5米,長度：100米,25.01417373,121.51747838
566,永和區,永和分隊,竹林路91巷47弄,寬度：1米-2.2米,長度：100米,25.01328648,121.51872293
567,永和區,永和分隊,竹林路119巷,寬度：2.2-1.6米,長度：250米,25.01156688,121.51855348
568,永和區,永和分隊,竹林路124巷,寬度：3.9-4.4米,長度：200米,25.01129398,121.51676593
569,永和區,永和分隊,竹林路213巷,2.7-3.6米,長度：220米,25.00895588,121.51955328
570,永和區,永和分隊,保慶街,寬度：1.8米-2.3米,長度：150米,25.00684688,121.51005558
571,永和區,永和分隊,復興街,寬度：3.5米,長度：150米,25.01778068,121.45715978
572,永和區,永和分隊,福和路183巷,寬度：3.6-4米,長度：100米,25.00721773,121.51739198
573,永和區,永和分隊,福和路237巷,寬度：3.5米,長度：150米,25.00734313,121.51585373
574,永和區,永和分隊,福和路245巷,寬度：1.2米,長度：100米,25.00695718,121.51567368
575,永和區,永和分隊,豫溪街28巷,寬度：1.2-2.4米,長度：120米,25.00989018,121.51278218
576,永和區,永和分隊,豫溪街42巷,寬度：1.8米-2.7米,長度：120米,25.00963053,121.51300233
577,永和區,永和分隊,豫溪街52巷,寬度：2.4米,長度：100米,25.00983678,121.51329213
578,永和區,永和分隊,豫溪街74巷7弄,寬度：2.8米,長度：100米,25.00965798,121.51489963
579,永和區,永利分隊,中正路151巷8弄,寬度：2.2-1.6米,長度：250米,24.98788643,121.4406604
580,永和區,永利分隊,中正路412巷4弄,寬度：2.4米-3.5米,長度：150米,25.00170938,121.51545128
581,永和區,永利分隊,中正路428巷30弄,寬度：1.6-3.2米,長度：100米,25.00199018,121.51641748
582,永和區,永利分隊,四維街,寬度：2.2-4.6米,長度：120米,24.9926288,121.50844635
583,永和區,永利分隊,民生路47巷12弄,寬度：2.4-4.5米,長度：100米,24.99754378,121.52099753
584,永和區,永利分隊,民享街23巷,寬度：2.8米-4.5米,長度：150米,24.99534488,121.51385788
585,永和區,永利分隊,民治街72巷,寬度：2.8-4.5米,長度：100米,25.01564412,121.45553595
586,永和區,永利分隊,民族街43巷,寬度：3.1-4.5米,長度：100米,25.06613866,121.43012626
587,永和區,永利分隊,民族街49巷,寬度：2.5-4.6米,長度：100米,24.99812428,121.51635788
588,永和區,永利分隊,民樂街25巷,寬度：2.3-4.3米,長度：100米,25.00168728,121.52520218
589,永和區,永利分隊,民樂街55巷,寬度：3.5米,長度：150米,24.99861868,121.52508358
590,永和區,永利分隊,民樂街73巷,寬度：1.2米-4.4米,長度：100米,24.99718418,121.52520728
591,永和區,永利分隊,民樂街75巷,寬度：2.9米-4.5米,長度：300米,24.99693888,121.52507508
592,永和區,永利分隊,民樂街92巷,寬度：2.6-4.1米,長度：150米,,
593,永和區,永利分隊,永貞路39巷4弄,寬度：1米-2.2米,長度：100米,25.00632308,121.51900938
594,永和區,永利分隊,成功路一段38巷,寬度：1.5米-3.5米,長度：100米,25.00447588,121.52428948
595,永和區,永利分隊,秀朗路二段82巷5弄,寬度：1.9-4.3米,長度：100米,25.00120183,121.52075068
596,永和區,永平分隊,仁愛路141巷,寬度：1.2~6.3,長度：223,25.01207508,121.50907538
597,永和區,永平分隊,文化路9巷16弄,寬度：1.8~2.7,長度：124,25.01470433,121.51232408
598,永和區,永平分隊,文化路9巷22弄,寬度：1.9,長度：120,25.01457593,121.51225933
599,永和區,永平分隊,文化路9巷30弄,寬度：1.9,長度：114,25.01435913,121.51222758
600,永和區,永平分隊,文化路16巷5弄,寬度：1.6,長度：148,25.01532063,121.51246913
601,永和區,永平分隊,文化路90巷32弄,寬度：2.7米,長度：100米,25.01671728,121.51085068
602,永和區,永平分隊,文化路126巷,寬度：1.9~4.2,長度：103,25.01559398,121.51051428
603,永和區,永平分隊,文化路144巷,寬度：1.6~2.2,長度：192,25.01613478,121.50993378
604,永和區,永平分隊,永平路173巷,寬度：3,長度：147,25.00862398,121.50778458
605,永和區,永平分隊,永和路一段111巷6弄,寬度：2.5~3米,長度：100米,25.00818978,121.51094273
606,永和區,永平分隊,永和路二段231巷,寬度：2.5~3.5,長度：137,25.01404958,121.51224178
607,永和區,永平分隊,和平街93巷,寬度：1.7~2.2米,長度：100米,25.00917188,121.50896688
608,永和區,永平分隊,和平街95巷,寬度：1.5~1.7,長度：128,25.00932098,121.50862378
609,永和區,永平分隊,保福路一段23巷,寬度：2~3.3米,長度：98米,25.00832268,121.51008943
610,永和區,永平分隊,保福路一段35巷,寬度：1.5~3.2米,長度：113米,25.00892808,121.50994888
611,永和區,永平分隊,保福路二段16巷,寬度：1.9~3.6,長度：199,25.01132113,121.50869533
612,永和區,永和分隊,復興街54巷8號,3-4,,25.01295088,121.51402908
613,永和區,永平分隊,保福路二段158巷,寬度：1.4~3.1,長度：111,25.01505463,121.50664908
614,永和區,永平分隊,保福路二段163巷13弄,寬度：3,長度：107,25.01442053,121.50653588
