COUNTY_ID,COUNTY,TOWN_ID,TOWN,NIGHT_WORK,DAY_WORK(0700~1300),DAY_WORK(1300~1900),DAY_WORK,NIGHT_WEEKEND,DAY_WEEKEND(0700~1300),DAY_WEEKEND(1300~1900),DAY_WEEKEND,MORNING_WORK,MIDDAY_WORK,AFTERNOON_WORK,EVENING_WORK,MORNING_WEEKEND,MIDDAY_WEEKEND,AFTERNOON_WEEKEND,EVENING_WEEKEND,INFO_TIME
縣市代碼,縣市名稱,鄉鎮市區代碼,鄉鎮市區名稱,平日夜間停留人數,平日日間上午人數,平日日間下午人數,平日日間活動人數,假日夜間停留人數,假日日間上午人數,假日日間下午人數,假日日間活動人數,平日早晨旅次,平日中午旅次,平日午後旅次,平日晚上旅次,假日早晨旅次,假日中午旅次,假日午後旅次,假日晚上旅次,資料時間
65000,新北市,65000010,板橋區,571963,472223,460965,464101,570948,545097,536060,541426,1590899,1336421,1393080,2264136,1249712,1620478,1650605,2212445,"112Y11M"
65000,新北市,65000020,三重區,425020,356420,339148,346194,423029,399859,377180,390770,1209734,954617,991068,1564975,950616,1136302,1109669,1464777,"112Y11M"
65000,新北市,65000030,中和區,461867,406713,390819,397325,460394,440463,419172,432783,1274516,1050299,1080009,1659133,1000514,1171138,1163968,1480962,"112Y11M"
65000,新北市,65000040,永和區,225926,172327,160600,165003,225638,214970,201417,209626,573115,446936,460746,794263,459274,578569,555140,752223,"112Y11M"
65000,新北市,65000050,新莊區,438175,378500,371788,374258,436655,418687,413650,417962,1215689,990627,1026618,1647970,945090,1159155,1148951,1492343,"112Y11M"
65000,新北市,65000060,新店區,336985,310727,300073,305033,335622,326851,317118,323247,934910,808371,836814,1209534,730679,911562,923944,1120341,"112Y11M"
65000,新北市,65000070,樹林區,186549,178809,175251,176578,187333,181043,176829,179473,575796,469967,490728,707626,446659,508396,505203,666085,"112Y11M"
65000,新北市,65000080,鶯歌區,94412,86693,85232,86832,90389,85833,84613,85085,269107,210035,225922,327613,217970,257042,265066,328155,"112Y11M"
65000,新北市,65000090,三峽區,117393,103204,102237,102012,118267,116318,113858,115067,325321,294208,306341,414884,285149,377776,381377,424538,"112Y11M"
65000,新北市,65000100,淡水區,235495,201194,192712,196325,234249,224941,215047,221071,611672,560924,590486,815799,493784,671942,713097,819419,"112Y11M"
65000,新北市,65000110,汐止區,246217,222675,212623,216959,245608,231814,218739,227518,713230,548879,555324,882796,538234,616354,604883,763078,"112Y11M"
65000,新北市,65000120,瑞芳區,34663,36539,43108,39103,35163,37777,43370,40075,85029,103624,109609,108450,81536,141374,152257,131924,"112Y11M"
65000,新北市,65000130,土城區,237243,210329,203848,206153,237555,227181,216881,223005,723628,567920,595260,910773,570529,652738,647738,838619,"112Y11M"
65000,新北市,65000140,蘆洲區,206853,151814,145234,147374,207508,189635,180570,186269,489831,382838,399874,660741,420086,491672,475622,636027,"112Y11M"
65000,新北市,65000150,五股區,106742,121809,118780,120523,105116,105548,101694,104644,415234,328594,357368,482353,285991,333121,360665,438405,"112Y11M"
65000,新北市,65000160,泰山區,93664,87562,84668,85798,92279,90077,84564,87854,332700,262620,285849,424868,239993,287590,295907,383302,"112Y11M"
65000,新北市,65000170,林口區,141826,131674,131046,131771,141559,143306,143655,143662,395367,358279,373752,516352,305422,414286,415604,486930,"112Y11M"
65000,新北市,65000180,深坑區,30747,27898,26236,27089,30724,28642,26945,28080,77392,66480,67788,91849,63771,83111,84939,90599,"112Y11M"
65000,新北市,65000190,石碇區,5544,6433,6590,6561,5677,7105,7329,7201,34623,44693,48506,49699,54945,71943,83024,79040,"112Y11M"
65000,新北市,65000200,坪林區,2921,3599,3420,3446,3463,4783,4996,4779,24311,33769,37993,37459,35901,53715,62631,59552,"112Y11M"
65000,新北市,65000210,三芝區,22144,19419,19412,19438,21623,20574,20751,20667,54498,54199,54569,63136,50652,71244,71130,68551,"112Y11M"
65000,新北市,65000220,石門區,5193,5613,5630,5676,5143,5720,5896,5798,14212,18299,20500,16025,13323,28360,33222,21554,"112Y11M"
65000,新北市,65000230,八里區,47692,46284,45570,45981,47577,46402,45266,46026,147199,131816,142261,174643,120589,160414,179154,181887,"112Y11M"
65000,新北市,65000240,平溪區,3209,6332,11059,9229,3056,5783,9110,7594,5901,13967,16123,8159,8153,24909,27793,12413,"112Y11M"
65000,新北市,65000250,雙溪區,4404,4460,4472,4456,4801,5490,5546,5465,15509,20850,21181,20168,21112,33469,34643,30184,"112Y11M"
65000,新北市,65000260,貢寮區,5798,6223,6163,6165,6645,7914,7835,7726,19368,31779,30077,23528,24746,57177,55684,36722,"112Y11M"
65000,新北市,65000270,金山區,14773,14936,15020,15061,15972,17331,17981,17531,37241,49580,49995,45564,39008,77248,81358,60859,"112Y11M"
65000,新北市,65000280,萬里區,12181,13517,13201,13185,13370,15310,15140,14797,32762,48799,48036,39440,33908,79948,80691,58170,"112Y11M"
65000,新北市,65000290,烏來區,3229,3963,4160,3953,3595,4814,5361,4759,6398,12070,11927,8809,7931,20419,22029,14799,"112Y11M"
63000,臺北市,63000010,松山區,185022,256114,271339,265864,181661,198550,210281,204187,654035,824115,802123,1110678,415964,663025,672143,850071,"112Y11M"
63000,臺北市,63000020,信義區,222097,291233,319224,305471,220892,234468,282118,252072,667869,824383,827856,1140925,460880,786491,878418,1062187,"112Y11M"
63000,臺北市,63000030,大安區,293863,399224,442080,421212,288073,317542,354474,332468,1066463,1415958,1429478,1965484,656829,1283820,1347059,1595677,"112Y11M"
63000,臺北市,63000040,中山區,293366,414454,438710,427268,286848,308751,335900,317251,1072041,1401754,1395658,1911078,678642,1193768,1264642,1509310,"112Y11M"
63000,臺北市,63000050,中正區,179530,303595,313671,309701,171990,209626,236602,217630,825113,1046928,1024253,1382229,480554,949339,992513,1156938,"112Y11M"
63000,臺北市,63000060,大同區,121355,137920,143386,140077,120837,125254,136369,128687,498203,530627,553032,803809,323691,564073,633669,765500,"112Y11M"
63000,臺北市,63000070,萬華區,196850,173291,168169,169804,196291,186418,186878,185594,565007,512341,551634,840637,439437,622240,686409,873432,"112Y11M"
63000,臺北市,63000080,文山區,243331,209455,199700,203310,238449,233765,218824,228367,664282,561509,572029,848127,514692,659468,629244,761567,"112Y11M"
63000,臺北市,63000090,南港區,118197,163915,165043,165268,116018,132887,144952,138574,450287,436752,438243,625187,293715,415499,436169,509545,"112Y11M"
63000,臺北市,63000100,內湖區,268313,362312,365575,365903,262226,277788,273494,278057,866247,925285,892478,1255277,549691,776738,757503,893951,"112Y11M"
63000,臺北市,63000110,士林區,257735,258297,256483,256224,254274,262799,266543,263454,812182,811783,850053,1126039,608728,910164,941155,1096730,"112Y11M"
63000,臺北市,63000120,北投區,231633,238777,231268,233324,227647,231739,221492,226700,692160,680863,683483,896117,520922,735184,718700,793625,"112Y11M"
68000,桃園市,68000010,桃園區,447658,407988,407731,406551,451741,439675,437601,438345,1287295,1160334,1217174,1813485,1043242,1367425,1383700,1752675,"112Y11M"
68000,桃園市,68000020,中壢區,473276,457527,459991,460515,468813,464016,477527,468386,1368385,1287172,1353929,2000662,1116072,1485052,1535842,2001637,"112Y11M"
68000,桃園市,68000030,大溪區,87739,82395,82029,81997,89857,87874,88561,87736,279141,265682,289175,340291,267853,390804,421225,412604,"112Y11M"
68000,桃園市,68000040,楊梅區,176664,173584,170358,171935,176963,174942,169580,173205,549452,452528,478085,663417,453164,505662,515368,638404,"112Y11M"
68000,桃園市,68000050,蘆竹區,191873,205368,204525,204750,190076,192352,192455,192272,658704,582541,611687,853535,495782,605627,633545,780416,"112Y11M"
68000,桃園市,68000060,大園區,266831,293471,314054,332655,208980,230875,245887,260744,407314,375895,400146,473454,323339,380761,414189,446961,"112Y11M"
68000,桃園市,68000070,龜山區,247986,295319,289994,292719,238094,244377,235401,240788,861114,757087,760544,1040575,576842,675162,674088,851723,"112Y11M"
68000,桃園市,68000080,八德區,198547,175924,175028,175276,199282,188239,186400,187668,556959,450914,478769,707935,454853,527420,532903,689474,"112Y11M"
68000,桃園市,68000090,龍潭區,127529,136440,134125,135312,127663,129595,128637,129092,368174,340457,353531,443075,310231,420335,427979,480753,"112Y11M"
68000,桃園市,68000100,平鎮區,217452,199282,196733,197687,218364,209209,204372,207601,631719,508125,546389,789293,506786,573460,588030,748658,"112Y11M"
68000,桃園市,68000110,新屋區,53329,53153,53347,54204,52446,53021,53476,54069,157027,140761,144967,176110,132345,157992,164960,171813,"112Y11M"
68000,桃園市,68000120,觀音區,87196,97655,96513,98471,84312,86775,84590,86757,266000,226470,231904,279835,200013,204516,209501,238318,"112Y11M"
68000,桃園市,68000130,復興區,6645,7408,7233,7277,9028,11740,11645,11764,15784,23031,21697,15683,22203,48646,43819,24817,"112Y11M"
66000,臺中市,66000010,中區,20607,23637,24690,24066,22737,23851,25126,23653,70531,96067,97315,126479,62900,111095,118459,160699,"112Y11M"
66000,臺中市,66000020,東區,81133,77147,77200,77066,81730,83011,90198,84542,251146,245167,260027,380076,223094,312991,333481,436684,"112Y11M"
66000,臺中市,66000030,南區,148008,134677,132054,132871,144617,140441,134541,138446,384317,356356,365315,576854,300851,382934,385571,533360,"112Y11M"
66000,臺中市,66000040,西區,125529,142797,149015,146098,124548,127494,136176,130481,371383,474192,479112,654049,286531,510538,543254,660343,"112Y11M"
66000,臺中市,66000050,北區,187046,187311,188807,187367,184619,184969,188429,185222,492648,561597,577379,816979,403502,599865,623431,802696,"112Y11M"
66000,臺中市,66000060,西屯區,334709,397358,404235,401068,325965,340980,353161,344774,1046398,1092894,1143398,1624230,765122,1097523,1163652,1504469,"112Y11M"
66000,臺中市,66000070,南屯區,202425,220355,223835,222158,200297,207905,212054,209494,616351,640042,669924,962802,458615,683270,710699,896705,"112Y11M"
66000,臺中市,66000080,北屯區,317189,274089,268185,270162,315222,308544,299926,304956,859240,797876,841952,1248738,735581,995555,1006018,1226191,"112Y11M"
66000,臺中市,66000090,豐原區,145446,133104,133406,132875,146907,144559,144324,144701,435845,406408,420080,600957,373971,483194,480308,589193,"112Y11M"
66000,臺中市,66000100,東勢區,36625,32643,32731,32589,38654,38139,38359,37921,104019,97427,102802,122070,104945,134158,135703,135973,"112Y11M"
66000,臺中市,66000110,大甲區,67024,74195,74024,73938,67479,69643,69728,69559,225655,213840,219440,289801,189282,240350,244005,275466,"112Y11M"
66000,臺中市,66000120,清水區,82072,71107,70844,70893,82916,79987,79861,80121,237151,210988,225437,302613,218981,268187,287264,326962,"112Y11M"
66000,臺中市,66000130,沙鹿區,117210,102947,103421,103084,113820,110135,107675,109334,332616,302388,318708,474296,278162,349297,347855,452168,"112Y11M"
66000,臺中市,66000140,梧棲區,66207,75217,74986,74723,65134,68521,69891,68504,218557,202041,208921,273560,168959,204996,208064,248383,"112Y11M"
66000,臺中市,66000150,后里區,56503,66733,66149,66390,54806,59309,62104,60487,204662,199175,205855,254503,185208,238200,259031,284803,"112Y11M"
66000,臺中市,66000160,神岡區,66409,72695,71712,72058,65203,63912,62875,63639,235631,206544,222086,279945,177508,199462,221202,261872,"112Y11M"
66000,臺中市,66000170,潭子區,111821,115588,113489,114895,111022,110259,106232,109018,345441,286609,303981,432350,273433,300202,310019,386513,"112Y11M"
66000,臺中市,66000180,大雅區,102131,113974,113957,113825,100533,99187,97902,99089,338891,288621,298969,420111,245007,269613,274127,356843,"112Y11M"
66000,臺中市,66000190,新社區,21459,22025,21757,21794,21460,23332,23043,22922,58376,82021,75227,62310,61324,119820,109587,67722,"112Y11M"
66000,臺中市,66000200,石岡區,10800,9122,9066,9066,11110,10954,10842,10885,39313,36779,38872,44120,37051,56973,64042,52225,"112Y11M"
66000,臺中市,66000210,外埔區,25975,21308,21439,21286,26460,24421,24721,24539,82051,71652,79174,99865,82215,91897,108959,119880,"112Y11M"
66000,臺中市,66000220,大安區,15023,13451,14329,14984,15022,14322,14760,14948,36745,32265,33166,42247,35022,39222,41433,44880,"112Y11M"
66000,臺中市,66000230,烏日區,84309,92777,91532,91942,82506,84761,83200,84221,335160,301761,325606,441741,262221,321010,345727,444333,"112Y11M"
66000,臺中市,66000240,大肚區,51847,44515,44213,44316,52589,49759,48436,49390,150317,122532,128254,179139,133105,140889,144522,179494,"112Y11M"
66000,臺中市,66000250,龍井區,88409,77935,75331,76532,87421,83250,80329,82478,261686,205884,223323,311354,213208,228987,244492,301311,"112Y11M"
66000,臺中市,66000260,霧峰區,75875,82301,81641,81799,72647,72980,70463,71793,246723,239599,252713,319660,205314,257704,272037,325272,"112Y11M"
66000,臺中市,66000270,太平區,193295,170597,168328,169082,192839,182216,176996,180675,491807,430656,447883,642349,417466,459585,463577,595481,"112Y11M"
66000,臺中市,66000280,大里區,204346,184241,182683,183046,203879,190861,186969,189947,592134,503282,539348,808885,472252,544781,560532,738128,"112Y11M"
66000,臺中市,66000290,和平區,12864,14033,13979,13875,15756,19762,19348,19266,32763,45534,43138,31675,43384,74910,69772,44279,"112Y11M"
67000,臺南市,67000010,新營區,66354,68424,68343,68351,67713,68725,68441,68839,205797,204618,215237,286964,185030,236582,243356,304452,"112Y11M"
67000,臺南市,67000020,鹽水區,19511,18688,18737,18579,20283,20049,19928,19999,54614,48642,51284,65649,51978,57610,59539,64291,"112Y11M"
67000,臺南市,67000030,白河區,21117,20567,20396,20344,21660,22031,21905,21521,62718,67749,72894,75390,68259,97181,102556,101074,"112Y11M"
67000,臺南市,67000040,柳營區,19452,23445,22750,22972,19234,20505,19947,20243,66235,63792,68916,78365,57863,69032,75114,82655,"112Y11M"
67000,臺南市,67000050,後壁區,15520,15370,15420,15411,16140,16207,16335,16247,61156,60979,69379,78178,67707,80777,95305,103341,"112Y11M"
67000,臺南市,67000060,東山區,12069,10995,11067,10981,12735,13241,13461,13196,36551,37718,42360,42248,44998,57173,64419,57447,"112Y11M"
67000,臺南市,67000070,麻豆區,38565,38438,38043,38177,39232,39845,39123,39454,132196,127092,136421,170131,125529,159566,168635,192106,"112Y11M"
67000,臺南市,67000080,下營區,15205,12136,12381,12151,15956,14724,15127,14873,44510,38406,42552,54914,45624,49842,56370,66025,"112Y11M"
67000,臺南市,67000090,六甲區,15852,12719,12809,12730,16468,15583,15533,15504,45878,39758,43215,59059,47565,54113,58140,65274,"112Y11M"
67000,臺南市,67000100,官田區,21129,25708,25382,25457,20512,22362,21738,22035,72346,67105,72532,82481,64479,77642,86004,96400,"112Y11M"
67000,臺南市,67000110,大內區,7683,7049,7049,7005,7728,8232,8403,8261,18269,17420,18528,20080,19919,25326,26748,24545,"112Y11M"
67000,臺南市,67000120,佳里區,48383,44669,44793,44686,49576,48534,48437,48740,125565,116499,124374,171796,112762,137837,141276,169780,"112Y11M"
67000,臺南市,67000130,學甲區,18329,16786,16628,16664,18963,18556,18726,18496,50331,47363,49308,59864,48984,60105,61545,63288,"112Y11M"
67000,臺南市,67000140,西港區,19635,19189,19352,19272,19997,19600,19305,19493,63802,52705,56337,76548,54950,59815,63621,72534,"112Y11M"
67000,臺南市,67000150,七股區,13978,13487,13369,13327,14335,15240,15279,15033,40315,41587,43348,45778,40552,64269,69277,57966,"112Y11M"
67000,臺南市,67000160,將軍區,11278,10263,10249,10193,11666,11920,12059,11819,26664,26591,27225,30361,27436,38638,40304,36579,"112Y11M"
67000,臺南市,67000170,北門區,5171,5305,5254,5247,5686,6816,6798,6564,15679,18221,19181,16192,19325,33411,36802,24248,"112Y11M"
67000,臺南市,67000180,新化區,36854,34715,34074,34323,36408,36328,34939,35371,122043,102501,110343,142981,114665,126809,130133,144113,"112Y11M"
67000,臺南市,67000190,善化區,61985,70613,69635,70016,59944,62406,60312,61898,204639,168320,174613,260025,159855,180312,178344,233987,"112Y11M"
67000,臺南市,67000200,新市區,59088,89831,89148,89545,55875,61177,59431,60918,251302,194556,203134,297228,167182,168201,175801,237409,"112Y11M"
67000,臺南市,67000210,安定區,31450,40887,40200,40461,30901,32298,31749,32238,126022,96394,103994,139050,90169,92966,100660,121838,"112Y11M"
67000,臺南市,67000220,山上區,6082,9101,8800,8912,6257,7794,7446,7622,22015,20518,21030,21856,18871,20479,21596,20358,"112Y11M"
67000,臺南市,67000230,玉井區,9514,9671,9642,9656,9970,10569,10637,10531,27769,27956,28953,30017,29428,40275,39905,34811,"112Y11M"
67000,臺南市,67000240,楠西區,6230,6203,6306,6229,6758,7428,7510,7334,14831,16481,16836,15309,17131,26901,26406,18690,"112Y11M"
67000,臺南市,67000250,南化區,4107,4097,4024,4048,4430,5263,5011,5081,11206,11316,11817,10629,14689,19449,19461,13865,"112Y11M"
67000,臺南市,67000260,左鎮區,2678,2688,2666,2651,2931,3415,3504,3404,7987,7390,7925,7696,9588,12276,12758,9960,"112Y11M"
67000,臺南市,67000270,仁德區,90458,101351,100277,100876,89027,93072,92638,92722,300860,278986,299773,385361,237816,298846,326720,398352,"112Y11M"
67000,臺南市,67000280,歸仁區,64131,63265,64092,63565,63451,63467,68043,65020,186941,168018,183605,252807,156985,190454,207445,250718,"112Y11M"
67000,臺南市,67000290,關廟區,28854,27317,27072,27191,29252,29192,28574,29032,79960,67273,73617,94918,79569,86230,93681,109119,"112Y11M"
67000,臺南市,67000300,龍崎區,1557,1813,1860,1849,1650,2457,2446,2364,8363,8651,10147,9748,12885,14726,17603,16285,"112Y11M"
67000,臺南市,67000310,永康區,268290,259995,256410,257950,262332,254025,243597,250487,777441,689776,725947,1075296,616042,709518,721718,969421,"112Y11M"
67000,臺南市,67000320,東區,171195,161507,165276,163157,171194,170564,176859,172559,480679,527240,542514,811557,405710,602015,594748,784303,"112Y11M"
67000,臺南市,67000330,南區,107333,101097,99772,100025,108305,104584,102142,103422,300385,293093,307791,420276,259575,328896,346945,423605,"112Y11M"
67000,臺南市,67000340,北區,126326,113656,113442,112909,127251,122734,119893,121166,353387,364850,377689,569257,301606,425082,422143,584477,"112Y11M"
67000,臺南市,67000350,安南區,178243,166346,164956,165353,179446,172596,167939,171399,514786,442816,459387,656432,422332,484235,482592,599786,"112Y11M"
67000,臺南市,67000360,安平區,65901,61497,60756,60944,67564,66468,65188,65586,178167,197613,204496,276338,159618,247360,263991,306709,"112Y11M"
67000,臺南市,67000370,中西區,72227,85829,92753,89068,76038,81831,98274,86980,242181,345888,356140,480234,209915,437170,475361,590662,"112Y11M"
64000,高雄市,64000010,鹽埕區,22822,22363,21980,21987,23713,23908,24946,23815,58016,74580,76574,103654,55256,98958,119362,146376,"112Y11M"
64000,高雄市,64000020,鼓山區,131619,123062,123918,123448,131971,131315,132699,131923,327727,343612,373022,518784,285973,415792,452318,535060,"112Y11M"
64000,高雄市,64000030,左營區,190655,187982,193895,190720,190762,191809,205836,197044,586251,598272,646105,941034,478045,707332,740936,971718,"112Y11M"
64000,高雄市,64000040,楠梓區,191517,182093,179919,180512,190612,185474,178693,183211,554037,500532,514373,786079,455263,521922,520753,719206,"112Y11M"
64000,高雄市,64000050,三民區,314258,293417,287092,289816,313008,308719,295117,303081,870391,873339,910457,1316784,727853,950668,931857,1225961,"112Y11M"
64000,高雄市,64000060,新興區,54118,63717,66173,64662,55991,55968,58521,56290,177427,227016,234971,326979,140858,226439,236960,334226,"112Y11M"
64000,高雄市,64000070,前金區,33812,44999,46322,45815,35026,37930,41078,38969,110876,147531,150677,197536,87594,144618,153225,209674,"112Y11M"
64000,高雄市,64000080,苓雅區,151127,160684,161242,160567,151581,152336,150006,150932,451099,503484,526094,713510,364788,514489,526279,682834,"112Y11M"
64000,高雄市,64000090,前鎮區,168151,180678,186204,183382,169167,174703,191763,180582,501356,495638,529052,727702,400749,546646,587744,715925,"112Y11M"
64000,高雄市,64000100,旗津區,15886,15491,15766,15525,16008,15811,16463,15954,42171,49364,52861,50518,37245,55331,65655,59228,"112Y11M"
64000,高雄市,64000110,小港區,137129,151737,149964,152102,134392,138369,134107,138138,433701,382493,420833,486446,318750,338803,349196,414608,"112Y11M"
64000,高雄市,64000120,鳳山區,311962,254056,253899,253043,311477,290121,285391,288296,837032,735152,793638,1228499,738914,880138,895148,1219326,"112Y11M"
64000,高雄市,64000130,林園區,51697,48053,47788,47798,51990,50243,49462,50137,143573,122952,132249,179297,128378,133094,135751,171274,"112Y11M"
64000,高雄市,64000140,大寮區,115257,132218,130611,131597,114579,116660,113685,115779,408126,351016,390557,481276,309017,324364,352489,426473,"112Y11M"
64000,高雄市,64000150,大樹區,40747,43522,44251,43872,40457,42789,45831,43691,107737,102712,109407,127349,96887,116514,123111,133157,"112Y11M"
64000,高雄市,64000160,大社區,40713,40540,39589,40037,40654,40336,38852,39875,119526,110687,115176,154092,107979,117322,116729,148666,"112Y11M"
64000,高雄市,64000170,仁武區,100700,105179,103867,104683,101690,100863,97837,100162,346051,303932,337823,448669,264582,297805,320665,409201,"112Y11M"
64000,高雄市,64000180,鳥松區,52866,64567,62216,62975,52289,57200,54878,55951,188401,182341,191066,228476,146899,169130,171453,194918,"112Y11M"
64000,高雄市,64000190,岡山區,95970,109317,108235,108693,94536,97323,96275,96852,343417,316794,331467,451418,268278,324670,321583,426875,"112Y11M"
64000,高雄市,64000200,橋頭區,41904,36506,35783,35993,42198,41263,40272,40735,137824,113719,125677,176044,114080,133913,145343,171655,"112Y11M"
64000,高雄市,64000210,燕巢區,41358,55548,55597,55462,38931,43295,42143,42940,148682,154757,159555,171593,115221,138677,145014,166212,"112Y11M"
64000,高雄市,64000220,田寮區,4178,4285,4252,4305,4375,5739,5757,5736,20708,22694,24847,25422,26813,40754,42139,42997,"112Y11M"
64000,高雄市,64000230,阿蓮區,23632,21244,21197,21083,23772,23549,23246,23226,72114,64650,66602,90031,70790,78952,79044,95208,"112Y11M"
64000,高雄市,64000240,路竹區,49509,63121,61897,62631,48966,51976,50959,51679,197473,179494,189160,245737,148898,170449,179005,236912,"112Y11M"
64000,高雄市,64000250,湖內區,28358,22861,23283,22902,28652,26028,25518,25985,81007,65449,69662,102461,68481,73891,79026,99355,"112Y11M"
64000,高雄市,64000260,茄萣區,22138,20015,19854,19979,22692,22278,22178,22236,54378,47537,50773,67951,53747,63520,74730,78954,"112Y11M"
64000,高雄市,64000270,永安區,9706,13900,13408,13604,9713,11445,10902,11170,42123,35916,38340,40026,31360,32530,34681,35882,"112Y11M"
64000,高雄市,64000280,彌陀區,13792,11298,11514,11336,14142,13336,13436,13388,35042,28181,30279,42322,32295,36269,40039,43730,"112Y11M"
64000,高雄市,64000290,梓官區,29193,22950,23432,23193,29509,27124,27540,27404,73148,62095,67213,96689,66811,79418,90887,102758,"112Y11M"
64000,高雄市,64000300,旗山區,30393,30876,30746,30707,30360,30728,31002,30709,95722,100564,106730,120496,94050,135062,147011,144891,"112Y11M"
64000,高雄市,64000310,美濃區,24709,23298,23472,23326,26799,27846,28670,28073,63991,65661,70098,75354,69189,102438,103426,89706,"112Y11M"
64000,高雄市,64000320,六龜區,8671,8810,8756,8739,10578,11788,11648,11679,22285,24320,26262,23212,27983,39380,41787,32228,"112Y11M"
64000,高雄市,64000330,甲仙區,3405,3415,3463,3454,3659,3866,3899,3870,7810,8753,8827,8177,9152,13795,13934,10265,"112Y11M"
64000,高雄市,64000340,杉林區,6289,5772,5862,5818,6912,6966,7270,7155,14530,13931,14866,15537,15594,18658,19493,18380,"112Y11M"
64000,高雄市,64000350,內門區,9340,8902,9280,9027,9531,9323,9701,9476,21665,22524,23363,25029,22514,28281,29270,28093,"112Y11M"
64000,高雄市,64000360,茂林區,966,1138,1111,1118,1170,1484,1461,1454,1686,2590,2350,1706,2303,5053,4422,2343,"112Y11M"
64000,高雄市,64000370,桃源區,2305,2632,2495,2561,2865,4524,3846,4207,5555,6381,6166,4548,8167,10480,10425,5991,"112Y11M"
64000,高雄市,64000380,那瑪夏區,1501,1560,1532,1547,1671,1892,1856,1891,2843,2874,2904,2872,3056,3838,3638,3183,"112Y11M"
10002,宜蘭縣,10002010,宜蘭市,96373,98594,99291,98837,98507,99026,100173,98864,297545,326848,334616,430788,256152,370707,359566,426116,"112Y11M"
10002,宜蘭縣,10002020,羅東鎮,58434,60561,61520,60793,62203,63242,63358,62828,188605,209534,214891,291988,165139,244411,233183,297131,"112Y11M"
10002,宜蘭縣,10002030,蘇澳鎮,34667,37216,36732,36931,35867,36516,36378,36183,111284,125814,130419,131723,105211,148163,149822,139627,"112Y11M"
10002,宜蘭縣,10002040,頭城鎮,22308,21285,21493,21171,24723,24833,24912,24591,77128,101796,110083,103921,89530,157177,169458,142460,"112Y11M"
10002,宜蘭縣,10002050,礁溪鄉,39283,36967,36309,36390,45738,43592,42562,42057,115133,136435,148399,169553,131716,200105,217397,230511,"112Y11M"
10002,宜蘭縣,10002060,壯圍鄉,19684,15382,15550,15279,20808,19170,18995,18793,60045,53735,58752,72508,59483,75935,79955,82256,"112Y11M"
10002,宜蘭縣,10002070,員山鄉,29332,25561,25943,25739,30803,29797,29363,29458,78239,77030,81019,89761,75528,101301,101448,95092,"112Y11M"
10002,宜蘭縣,10002080,冬山鄉,50808,45769,45302,45467,53951,52114,51091,51566,148920,137275,146041,177489,133461,172889,176176,181427,"112Y11M"
10002,宜蘭縣,10002090,五結鄉,39058,38887,38784,38607,41886,42359,42432,42131,127680,124362,130256,157939,113653,156473,162073,169994,"112Y11M"
10002,宜蘭縣,10002100,三星鄉,21437,21194,20904,20972,22193,21855,21224,21431,63167,68034,71325,66450,61328,86085,88766,74208,"112Y11M"
10002,宜蘭縣,10002110,大同鄉,5379,6826,6881,6965,6776,9825,9958,10102,15078,20451,22775,13448,21936,32167,35808,21449,"112Y11M"
10002,宜蘭縣,10002120,南澳鄉,4709,5293,5448,5485,4918,5471,5667,5690,15254,23241,26030,20792,21068,30749,34448,28658,"112Y11M"
10004,新竹縣,10004010,竹北市,228020,222683,226166,224283,225250,227129,227996,228717,731608,661150,673230,1039366,536099,745141,742261,947916,"112Y11M"
10004,新竹縣,10004020,竹東鎮,99369,80924,79600,79871,99985,92455,89728,91277,296038,234467,248427,365580,252722,300700,301558,373395,"112Y11M"
10004,新竹縣,10004030,新埔鎮,34661,30184,29335,29697,35080,34287,33524,33909,114446,94825,100030,126810,96007,130722,128106,126983,"112Y11M"
10004,新竹縣,10004040,關西鎮,24452,24264,23841,23961,25233,28119,30443,28678,86751,87613,95906,102112,114719,151323,162785,152221,"112Y11M"
10004,新竹縣,10004050,湖口鄉,125473,145387,143594,144170,126143,129367,125906,126628,405844,340850,357800,474628,340404,360148,362508,465001,"112Y11M"
10004,新竹縣,10004060,新豐鄉,68577,59735,59152,59741,68135,64428,63373,64364,179951,146701,151003,224624,151697,165429,165753,205933,"112Y11M"
10004,新竹縣,10004070,芎林鄉,20320,16921,16653,16657,20590,19636,19383,19532,70905,56739,62473,79387,67351,85323,90935,91513,"112Y11M"
10004,新竹縣,10004080,橫山鄉,10849,9405,9475,9342,11842,12664,13055,12626,29923,32185,33889,32618,34161,68311,71898,47003,"112Y11M"
10004,新竹縣,10004090,北埔鄉,7119,6049,6030,6041,7890,9080,9333,9036,16784,19032,18818,18184,20216,45366,46050,25003,"112Y11M"
10004,新竹縣,10004100,寶山鄉,24755,58035,56813,57599,23410,31442,30769,31460,167771,138659,148948,184621,124243,132203,155395,181476,"112Y11M"
10004,新竹縣,10004110,峨眉鄉,3824,3658,3574,3578,4213,4968,5033,4936,10543,12687,12828,10537,13232,27291,27821,14777,"112Y11M"
10004,新竹縣,10004120,尖石鄉,5516,5909,5877,5839,9530,13021,12910,13051,15602,20403,20780,15633,26654,48890,45703,30109,"112Y11M"
10004,新竹縣,10004130,五峰鄉,2691,2948,3005,2977,5025,7756,7348,7710,7644,10270,9817,6798,14154,25707,21934,13794,"112Y11M"
10005,苗栗縣,10005010,苗栗市,86372,84770,84439,84397,85905,85205,84462,84782,244589,235495,248001,330861,204306,256926,254921,309838,"112Y11M"
10005,苗栗縣,10005020,苑裡鎮,45678,40690,39803,41805,43995,42518,43271,43349,120577,108388,117831,155016,120081,151296,160745,182313,"112Y11M"
10005,苗栗縣,10005030,通霄鎮,23267,21199,21260,21179,24624,25222,25453,25240,75882,77699,84710,90520,89120,122828,138949,124929,"112Y11M"
10005,苗栗縣,10005040,竹南鎮,104348,113257,112424,113041,101363,102346,100256,101673,314198,264786,278837,396381,260809,288668,308427,395023,"112Y11M"
10005,苗栗縣,10005050,頭份市,105419,83764,84938,83845,104860,98157,100315,99158,293102,250996,271439,398980,271140,328292,339537,418808,"112Y11M"
10005,苗栗縣,10005060,後龍鎮,30295,29681,29681,29755,29992,30201,30203,30066,105925,101763,110811,125751,110296,135274,152832,171116,"112Y11M"
10005,苗栗縣,10005070,卓蘭鎮,11129,10954,11040,10921,11829,12585,12632,12537,29444,30593,31987,31943,32546,46977,46198,37369,"112Y11M"
10005,苗栗縣,10005080,大湖鄉,9874,10170,9996,10046,11187,13076,12759,12730,27256,30462,31295,28106,31779,60634,56469,37690,"112Y11M"
10005,苗栗縣,10005090,公館鄉,26781,21333,21747,21399,28216,27343,27343,27310,74861,67605,73679,94335,82547,105598,108670,123027,"112Y11M"
10005,苗栗縣,10005100,銅鑼鄉,17074,23009,22513,22692,17461,20174,19685,19787,78081,82868,89433,93902,84193,121827,132522,124931,"112Y11M"
10005,苗栗縣,10005110,南庄鄉,6618,6367,6401,6369,9623,11931,11642,11919,14629,20086,18985,15039,22786,54041,49205,26837,"112Y11M"
10005,苗栗縣,10005120,頭屋鄉,7607,6599,6634,6615,7912,8041,8165,8079,29020,27764,32742,35094,34858,43655,54534,52760,"112Y11M"
10005,苗栗縣,10005130,三義鄉,14093,16353,16252,16322,15253,18309,17686,17662,57883,69955,73280,68344,70806,113600,118137,95993,"112Y11M"
10005,苗栗縣,10005140,西湖鄉,4108,4334,4250,4237,4345,4926,4913,4796,19489,20673,24799,23645,28966,32250,40627,38742,"112Y11M"
10005,苗栗縣,10005150,造橋鄉,11814,11618,11439,11548,11886,12948,12714,12861,41894,37505,44139,51316,46180,51313,66313,74185,"112Y11M"
10005,苗栗縣,10005160,三灣鄉,4707,4229,4156,4176,5263,5775,5606,5592,13704,14514,15242,13477,16771,28425,28306,18147,"112Y11M"
10005,苗栗縣,10005170,獅潭鄉,2509,2715,2691,2686,3094,3982,3840,3799,7095,9989,9888,6803,10521,25264,23546,11153,"112Y11M"
10005,苗栗縣,10005180,泰安鄉,3505,3773,3760,3743,6416,9125,8430,8742,8883,11029,10776,9131,16222,30674,26965,18245,"112Y11M"
10007,彰化縣,10007010,彰化市,204629,202831,202518,202009,204258,205741,202811,203957,671465,657109,682370,952445,569887,752251,758217,941611,"112Y11M"
10007,彰化縣,10007020,鹿港鎮,73891,80245,79436,79669,74493,77776,77039,77192,239508,235860,237029,299537,197860,276729,282054,284015,"112Y11M"
10007,彰化縣,10007030,和美鎮,79568,72683,73306,72845,80180,78206,77533,78394,234414,204306,215814,307746,197104,233529,240561,296681,"112Y11M"
10007,彰化縣,10007040,線西鄉,14145,18078,17515,17764,14064,14761,14399,14600,54888,49783,50326,55837,38662,43213,44287,46570,"112Y11M"
10007,彰化縣,10007050,伸港鄉,30245,27938,28033,27772,30270,29507,28915,29281,90404,75567,78436,107118,77765,83436,87244,101779,"112Y11M"
10007,彰化縣,10007060,福興鄉,37873,38873,38818,38636,38447,36939,37343,37272,126697,110275,116118,150344,100988,121034,128670,142416,"112Y11M"
10007,彰化縣,10007070,秀水鄉,30913,31383,31374,31262,31211,30932,30579,30659,107473,95440,104049,133961,90025,108121,119214,141797,"112Y11M"
10007,彰化縣,10007080,花壇鄉,39383,36247,36630,36344,39956,39264,39357,39726,117584,103986,111236,150451,99771,124298,131141,152772,"112Y11M"
10007,彰化縣,10007090,芬園鄉,16089,13595,13570,13543,16492,15987,16024,15912,45417,38554,43245,53633,44810,53090,59706,60217,"112Y11M"
10007,彰化縣,10007100,員林市,104359,102115,103617,102680,107197,108585,109474,108810,315177,318901,337804,471386,276428,389044,391514,480226,"112Y11M"
10007,彰化縣,10007110,溪湖鎮,43956,40039,40868,40320,44848,43697,44063,43852,137001,131293,141358,191504,128276,168532,175732,209871,"112Y11M"
10007,彰化縣,10007120,田中鎮,29165,29258,29031,29180,30241,30197,29906,30011,88624,80368,88788,111503,90460,99223,104929,119826,"112Y11M"
10007,彰化縣,10007130,大村鄉,36692,36630,36613,36655,36600,36031,35579,36129,102649,89490,93736,125957,82619,94448,99150,117463,"112Y11M"
10007,彰化縣,10007140,埔鹽鄉,22750,20230,20036,20048,23393,22435,22434,22380,70951,61068,65688,81479,61106,72186,76916,84065,"112Y11M"
10007,彰化縣,10007150,埔心鄉,28509,27908,27803,27866,29406,28958,28980,29054,91116,82057,89603,113023,74590,95550,100491,114285,"112Y11M"
10007,彰化縣,10007160,永靖鄉,25699,22964,23090,23010,26838,26142,26015,26206,72834,64748,68938,93125,66763,80055,82804,96242,"112Y11M"
10007,彰化縣,10007170,社頭鄉,31136,26764,26680,26594,32445,31422,31640,31338,90203,78221,84065,113043,87940,102871,107979,123343,"112Y11M"
10007,彰化縣,10007180,二水鄉,9265,8320,8312,8341,10076,10484,10401,10420,24971,23043,25067,28444,28399,33487,35895,34616,"112Y11M"
10007,彰化縣,10007190,北斗鎮,26468,27176,27016,27116,27404,27778,27817,27779,79250,80447,82712,109334,70581,93418,92160,110621,"112Y11M"
10007,彰化縣,10007200,二林鎮,38037,36949,37093,36863,38513,39140,38639,38785,109507,100598,106948,133272,100405,112704,112308,131031,"112Y11M"
10007,彰化縣,10007210,田尾鄉,20334,17813,18333,18163,21412,20658,21295,20998,59759,58295,65918,75485,58042,80238,95147,91972,"112Y11M"
10007,彰化縣,10007220,埤頭鄉,21922,20679,20783,20718,22388,21667,21808,21829,67749,61428,67608,81287,62461,71494,80115,87588,"112Y11M"
10007,彰化縣,10007230,芳苑鄉,22921,23872,23892,23738,23789,24806,24877,24573,68562,67754,70745,71872,63828,80507,82991,77480,"112Y11M"
10007,彰化縣,10007240,大城鄉,9441,9105,9171,9081,9805,10056,10309,10121,27358,24042,26108,28036,26141,28913,30654,30270,"112Y11M"
10007,彰化縣,10007250,竹塘鄉,8764,7959,7925,7893,9146,9109,9190,9121,25476,23239,25000,27947,24164,26898,28902,29703,"112Y11M"
10007,彰化縣,10007260,溪州鄉,20433,18833,18806,18757,21284,20952,21032,20870,68306,67323,75263,84411,71752,86340,101329,108034,"112Y11M"
10008,南投縣,10008010,南投市,92291,100553,100084,100063,93171,95651,94566,94913,291340,280999,295393,361531,251855,318320,331308,371412,"112Y11M"
10008,南投縣,10008020,埔里鎮,79011,77120,77674,77228,82920,82638,83059,82324,212924,251765,250281,295214,212811,334118,319754,340118,"112Y11M"
10008,南投縣,10008030,草屯鎮,86369,79106,79616,79265,88116,87389,87410,87174,254633,247109,263555,346339,233639,314837,330970,382788,"112Y11M"
10008,南投縣,10008040,竹山鎮,44821,43867,44038,43804,47286,48809,48946,48433,124932,143499,153452,150523,128397,196036,198298,175112,"112Y11M"
10008,南投縣,10008050,集集鎮,7476,7693,7651,7655,7810,7878,7918,7881,22605,25692,26137,24844,22123,35635,37162,30665,"112Y11M"
10008,南投縣,10008060,名間鄉,27609,25133,25220,25176,29210,29277,29687,29361,80699,78547,88803,92597,84659,109408,127506,124041,"112Y11M"
10008,南投縣,10008070,鹿谷鄉,12489,15703,13239,14013,15119,17593,16847,16730,45645,60617,65179,33556,48517,84512,82766,47536,"112Y11M"
10008,南投縣,10008080,中寮鄉,7945,7342,7248,7251,8720,10305,10076,10162,20895,20634,22413,21122,24327,32280,33213,27765,"112Y11M"
10008,南投縣,10008090,魚池鄉,15893,18015,18398,18040,20232,23182,24042,22786,37821,61349,61054,44759,49927,114830,119817,78465,"112Y11M"
10008,南投縣,10008100,國姓鄉,11360,10984,10903,10846,14053,16340,16129,16284,35191,39110,42049,40373,46085,76553,76285,62515,"112Y11M"
10008,南投縣,10008110,水里鄉,11866,12357,12215,12225,12511,13010,13023,12891,35847,42869,43582,40912,36816,61787,60650,48345,"112Y11M"
10008,南投縣,10008120,信義鄉,10604,11026,10798,10955,12460,13669,13486,13505,24852,27511,27637,23108,29964,38651,40966,30702,"112Y11M"
10008,南投縣,10008130,仁愛鄉,16066,18009,17532,17595,20195,23624,23456,23298,40427,51149,49433,39246,59641,87573,83066,62962,"112Y11M"
10009,雲林縣,10009010,斗六市,124009,133548,134022,133713,123089,125840,125579,125712,362030,366027,381733,517136,293380,402134,414965,519674,"112Y11M"
10009,雲林縣,10009020,斗南鎮,38673,36202,36210,36207,39504,38947,39071,39052,128403,125379,135310,173652,118825,153468,161794,198230,"112Y11M"
10009,雲林縣,10009030,虎尾鎮,78552,76506,77022,76547,77973,78332,77728,78161,231615,242626,255854,343241,198693,270294,282759,333483,"112Y11M"
10009,雲林縣,10009040,西螺鎮,39045,39974,40373,40020,40229,41365,41945,41445,126264,136313,147451,172409,131374,160239,176128,214998,"112Y11M"
10009,雲林縣,10009050,土庫鎮,20640,19311,19296,19378,20827,20535,20373,20508,65183,59830,64907,78338,58579,68990,74199,79216,"112Y11M"
10009,雲林縣,10009060,北港鎮,30345,30506,30377,30444,31202,31991,31941,31867,87674,96193,97110,119732,84709,130105,128941,134895,"112Y11M"
10009,雲林縣,10009070,古坑鄉,23291,22368,21412,21815,24715,26393,27171,26285,75837,78581,89886,87272,91467,133214,151812,124736,"112Y11M"
10009,雲林縣,10009080,大埤鄉,12228,10844,10996,10867,12533,12202,12188,12117,43343,41682,47035,53768,43973,53862,59554,65088,"112Y11M"
10009,雲林縣,10009090,莿桐鄉,21680,18657,18558,18413,22292,21162,20930,21073,64361,53974,59084,75723,58743,60837,65845,74780,"112Y11M"
10009,雲林縣,10009100,林內鄉,11829,10989,10819,10883,12413,12606,12406,12496,44853,42953,51630,54559,48367,61033,72400,73909,"112Y11M"
10009,雲林縣,10009110,二崙鄉,17980,16369,16339,16309,18633,18331,18280,18211,53194,47450,52487,61181,49902,52130,56338,60468,"112Y11M"
10009,雲林縣,10009120,崙背鄉,18751,15961,16188,16041,19117,18799,18682,18784,55722,46235,51364,65381,50917,55317,59022,61505,"112Y11M"
10009,雲林縣,10009130,麥寮鄉,40055,54559,52995,53775,36906,40356,39256,40096,191880,148209,165267,176592,112997,108032,115941,124540,"112Y11M"
10009,雲林縣,10009140,東勢鄉,9148,7799,7983,7807,9443,9139,9225,9114,29248,24775,27390,32570,27466,30279,32010,33710,"112Y11M"
10009,雲林縣,10009150,褒忠鄉,8986,8838,8871,8791,9205,9309,9341,9260,29949,27231,28799,34332,27729,31889,33464,33911,"112Y11M"
10009,雲林縣,10009160,臺西鄉,12680,10590,10858,10688,13083,12466,12673,12480,35914,30945,33329,38945,35065,40164,40216,42090,"112Y11M"
10009,雲林縣,10009170,元長鄉,15565,14393,14512,14414,16105,15935,16094,15897,49856,46128,50011,55685,47845,55760,59431,59830,"112Y11M"
10009,雲林縣,10009180,四湖鄉,11767,11061,11077,10977,12375,12583,12423,12374,35539,33301,35394,38648,36417,44683,46143,43641,"112Y11M"
10009,雲林縣,10009190,口湖鄉,13558,12433,12642,12483,14180,14403,14611,14366,35494,36235,38811,39566,37801,51032,52786,46428,"112Y11M"
10009,雲林縣,10009200,水林鄉,13333,12166,12342,12206,13784,13368,13622,13458,34582,33208,35473,39598,32969,38385,40424,42433,"112Y11M"
10010,嘉義縣,10010010,太保市,37137,37530,37149,37236,38205,38128,37372,37854,128591,122117,131739,169854,112079,141333,152842,177237,"112Y11M"
10010,嘉義縣,10010020,朴子市,36867,39992,39535,39713,37375,38583,38135,38220,103888,107107,110418,134788,90094,119257,119268,151208,"112Y11M"
10010,嘉義縣,10010030,布袋鎮,14654,13810,13921,13876,15743,15931,16204,15974,37783,40197,41825,41896,39219,56306,60660,52092,"112Y11M"
10010,嘉義縣,10010040,大林鎮,34101,40104,40224,39889,32231,34136,33509,33698,104743,111939,118521,133772,92911,118076,129905,134703,"112Y11M"
10010,嘉義縣,10010050,民雄鄉,81297,81973,81444,81627,80366,80100,79165,79931,237414,238818,252557,325815,204407,270217,289626,328000,"112Y11M"
10010,嘉義縣,10010060,溪口鄉,9070,7975,7932,7895,9458,9091,8878,8948,26862,24906,26815,31832,26848,29842,31899,35329,"112Y11M"
10010,嘉義縣,10010070,新港鄉,21726,22965,22542,22686,22657,22897,22666,22696,78719,74050,80600,87222,69600,84682,89642,89224,"112Y11M"
10010,嘉義縣,10010080,六腳鄉,13901,12412,12365,12340,14533,14292,14394,14199,38572,36245,39525,44333,37788,45481,49898,47969,"112Y11M"
10010,嘉義縣,10010090,東石鄉,12209,11452,11676,11463,13072,13521,14173,13561,33981,40519,42041,41004,37139,67618,68138,55014,"112Y11M"
10010,嘉義縣,10010100,義竹鄉,9495,9589,9429,9447,9927,10352,10142,10183,27240,24932,26795,28148,26656,27947,29835,29247,"112Y11M"
10010,嘉義縣,10010110,鹿草鄉,8866,10722,10597,10598,9133,9935,9999,9953,36792,35404,38715,42094,32862,40203,45006,46380,"112Y11M"
10010,嘉義縣,10010120,水上鄉,45144,40752,40781,40776,46185,44320,43657,44104,130232,118936,130997,158059,123350,144839,159248,175679,"112Y11M"
10010,嘉義縣,10010130,中埔鄉,38088,32219,32371,32429,39559,37726,38031,37998,96457,92736,98526,121810,98214,128495,131071,146221,"112Y11M"
10010,嘉義縣,10010140,竹崎鄉,26540,24825,24914,24795,28357,28808,28817,28650,70167,72126,76117,80020,74125,113113,110960,91329,"112Y11M"
10010,嘉義縣,10010150,梅山鄉,14265,13694,13794,13667,15704,16377,16455,16246,35626,40018,40755,38361,39853,63895,62524,46491,"112Y11M"
10010,嘉義縣,10010160,番路鄉,9319,9458,9329,9354,10706,11819,11733,11532,28138,33411,39341,31834,36455,60685,72623,47153,"112Y11M"
10010,嘉義縣,10010170,大埔鄉,1705,1875,1826,1831,1839,2040,2017,2005,4380,6838,6567,4328,4945,12128,11555,5435,"112Y11M"
10010,嘉義縣,10010180,阿里山鄉,7380,8463,8449,8412,8503,10185,10195,10016,16986,25140,25694,14626,23015,43361,44934,20825,"112Y11M"
10013,屏東縣,10013010,屏東市,185305,189942,191544,190785,185768,187245,187968,187476,514240,539223,559599,771678,441560,576754,586674,775111,"112Y11M"
10013,屏東縣,10013020,潮州鎮,48429,45103,45393,45238,49459,47937,48018,47950,130406,131821,142062,189210,124396,160804,167347,197320,"112Y11M"
10013,屏東縣,10013030,東港鎮,37596,36598,37175,36708,39319,38834,39422,38744,99248,111371,116255,148008,97102,140935,143605,174878,"112Y11M"
10013,屏東縣,10013040,恆春鎮,33752,34036,33638,33811,37746,36031,35299,35088,83067,97991,100541,114341,85258,134711,135073,147801,"112Y11M"
10013,屏東縣,10013050,萬丹鄉,41594,35270,35908,35399,42694,39446,40164,39922,118933,102905,115201,155228,110318,120724,132053,162780,"112Y11M"
10013,屏東縣,10013060,長治鄉,30160,28583,28454,28477,30643,29855,29435,29630,82925,74180,81234,101557,77104,85235,91250,104329,"112Y11M"
10013,屏東縣,10013070,麟洛鄉,9196,8494,8312,8348,9536,9861,9479,9611,29525,26681,30059,36616,27759,32475,35382,38427,"112Y11M"
10013,屏東縣,10013080,九如鄉,18042,15763,15884,15634,18724,17555,17754,17553,57824,51366,57061,69870,55594,60620,66142,78328,"112Y11M"
10013,屏東縣,10013090,里港鄉,20177,20067,19837,19908,20746,21194,20998,21075,64746,61837,65123,74801,62694,72395,75310,82598,"112Y11M"
10013,屏東縣,10013100,鹽埔鄉,21904,21147,21291,21193,22014,21535,22141,21704,53675,49444,54126,61286,50546,52129,56516,62437,"112Y11M"
10013,屏東縣,10013110,高樹鄉,15895,15247,15373,15318,16753,16903,17036,16880,40783,38413,41616,44099,42261,46157,48902,48735,"112Y11M"
10013,屏東縣,10013120,萬巒鄉,15758,14252,14590,14304,16053,15646,16166,15727,37880,37350,40199,45884,38393,49327,51662,53348,"112Y11M"
10013,屏東縣,10013130,內埔鄉,60218,59910,59857,59845,60046,59735,59246,59496,141337,145370,150668,188287,128521,155471,159745,188067,"112Y11M"
10013,屏東縣,10013140,竹田鄉,12570,11804,11617,11592,12802,12861,12950,12752,46341,41189,47526,55838,44348,51606,58411,65407,"112Y11M"
10013,屏東縣,10013150,新埤鄉,8372,8112,8215,8132,8791,8789,8929,8830,23785,23327,25824,26092,23910,27844,30682,30515,"112Y11M"
10013,屏東縣,10013160,枋寮鄉,18904,20680,20691,20639,19420,20330,20260,20201,59262,67161,71227,75707,60474,82502,88694,88491,"112Y11M"
10013,屏東縣,10013170,新園鄉,27442,23982,24348,24034,28014,26514,26871,26627,75285,67281,75342,93803,71101,80049,88122,103088,"112Y11M"
10013,屏東縣,10013180,崁頂鄉,7636,7144,7129,7093,7870,7572,7728,7616,25969,23315,26657,31242,24644,27835,31470,34580,"112Y11M"
10013,屏東縣,10013190,林邊鄉,9908,8604,8641,8576,10343,9849,9999,9800,26126,25754,27659,33969,27205,33410,35658,40255,"112Y11M"
10013,屏東縣,10013200,南州鄉,7616,7538,7509,7477,7943,8386,8390,8424,24279,23889,26863,29954,25167,30083,34351,35121,"112Y11M"
10013,屏東縣,10013210,佳冬鄉,11899,11515,11525,11482,12363,12100,12254,12090,34496,34076,38322,39339,34261,38953,43376,45497,"112Y11M"
10013,屏東縣,10013220,琉球鄉,8031,7792,7914,7796,9702,9542,9702,9305,19462,26412,25598,26389,24021,44736,41240,39115,"112Y11M"
10013,屏東縣,10013230,車城鄉,6929,7175,7041,7000,7506,7914,8333,7748,19194,28426,29529,26089,20881,47876,51327,38131,"112Y11M"
10013,屏東縣,10013240,滿州鄉,4719,4254,4264,4341,4671,4479,4477,4480,10751,11257,11697,12036,10876,14518,15330,12779,"112Y11M"
10013,屏東縣,10013250,枋山鄉,4302,4313,4349,4277,4160,4110,4185,4118,16130,26765,28539,23176,20462,42813,48224,36699,"112Y11M"
10013,屏東縣,10013260,三地門鄉,4509,4357,4433,4379,4911,5134,5466,5254,9479,11040,11232,10739,10746,18428,18336,15081,"112Y11M"
10013,屏東縣,10013270,霧臺鄉,645,820,788,797,790,937,1035,981,1381,2238,2119,1297,1627,4558,4667,1934,"112Y11M"
10013,屏東縣,10013280,瑪家鄉,2861,2783,2708,2704,3148,3482,3393,3385,6956,6958,6911,6986,8039,11297,10884,9520,"112Y11M"
10013,屏東縣,10013290,泰武鄉,2874,2584,2735,2675,3239,3407,3516,3465,5783,5785,6008,6061,7293,9425,9439,7957,"112Y11M"
10013,屏東縣,10013300,來義鄉,3406,3396,3444,3439,3631,3766,3677,3713,7402,7130,7648,7920,7879,9573,9588,8584,"112Y11M"
10013,屏東縣,10013310,春日鄉,3000,2775,2789,2791,3213,3221,3221,3265,5667,5405,5605,6182,6375,7124,7177,6964,"112Y11M"
10013,屏東縣,10013320,獅子鄉,2858,3140,3093,3103,3261,3818,3811,3776,12494,22044,23950,18754,17660,37770,40614,29279,"112Y11M"
10013,屏東縣,10013330,牡丹鄉,3324,3389,3335,3382,3159,3309,3268,3303,6601,8241,8079,6668,6420,11107,10879,7483,"112Y11M"
10014,臺東縣,10014010,臺東市,110585,109470,109692,109244,112812,109585,108790,108675,314626,340081,353825,459536,272102,361032,370809,470527,"112Y11M"
10014,臺東縣,10014020,成功鎮,7966,7956,8013,7957,8411,8381,8460,8319,21819,27802,27955,24958,21599,34695,35115,27415,"112Y11M"
10014,臺東縣,10014030,關山鎮,6653,7014,6933,6981,6884,6876,6855,6813,20437,23507,24172,23429,19357,27644,28079,24665,"112Y11M"
10014,臺東縣,10014040,卑南鄉,16572,15787,15656,15771,17598,16896,16696,16780,45463,45859,50273,51736,43684,56472,61840,61358,"112Y11M"
10014,臺東縣,10014050,鹿野鄉,6022,5895,5949,5918,6514,6266,6418,6336,19270,23465,24595,21655,19968,30905,32621,26482,"112Y11M"
10014,臺東縣,10014060,池上鄉,6289,6397,6450,6377,6789,6921,7218,6996,17452,22435,23211,19686,18343,29383,31745,22840,"112Y11M"
10014,臺東縣,10014070,東河鄉,5663,5867,5813,5827,6084,6232,6230,6218,16227,19882,20871,16864,15963,25835,27755,19907,"112Y11M"
10014,臺東縣,10014080,長濱鄉,4009,4076,4123,4105,4189,4337,4343,4347,9701,12870,13246,10538,9803,15612,16433,11705,"112Y11M"
10014,臺東縣,10014090,太麻里鄉,7485,7722,7562,7583,8130,8595,8532,8483,26283,39619,40988,33858,28889,55250,55425,42737,"112Y11M"
10014,臺東縣,10014100,大武鄉,2750,2840,2808,2790,2842,2959,2992,2956,10066,17241,18580,14043,11998,24801,26797,18831,"112Y11M"
10014,臺東縣,10014110,綠島鄉,3438,3327,3308,3340,2981,2861,2893,2900,4058,4812,5079,4968,3817,4866,5359,5202,"112Y11M"
10014,臺東縣,10014120,海端鄉,2295,2309,2263,2298,2454,2625,2674,2687,5215,5911,5685,4645,5611,8066,7097,5232,"112Y11M"
10014,臺東縣,10014130,延平鄉,1912,1990,2053,2022,2068,2347,2313,2311,4518,5419,5018,4555,4833,7530,6803,5209,"112Y11M"
10014,臺東縣,10014140,金峰鄉,1725,1653,1657,1640,1927,1852,1898,1859,3100,3305,3377,3448,3152,4012,4079,3934,"112Y11M"
10014,臺東縣,10014150,達仁鄉,1821,1905,1904,1925,1984,2172,2176,2196,4969,7962,8294,6271,6384,11691,12004,8534,"112Y11M"
10014,臺東縣,10014160,蘭嶼鄉,3236,3129,3132,3229,2772,2764,2756,2829,4236,4745,4507,4540,3501,4255,4343,4232,"112Y11M"
10015,花蓮縣,10015010,花蓮市,104803,115375,115316,114724,109784,108972,108981,108115,327388,367848,371969,498291,278208,393920,386587,507657,"112Y11M"
10015,花蓮縣,10015020,鳳林鎮,8122,8546,8471,8453,8517,8792,8844,8736,27210,32201,34331,29662,26438,39477,42313,36829,"112Y11M"
10015,花蓮縣,10015030,玉里鎮,18466,18844,18834,18796,18961,18791,18761,18724,54472,58715,61160,64222,48537,59678,63637,62950,"112Y11M"
10015,花蓮縣,10015040,新城鄉,25277,25354,25240,25331,25309,25133,24701,25121,70862,76461,79443,86177,65784,94947,96210,89041,"112Y11M"
10015,花蓮縣,10015050,吉安鄉,86078,71185,70502,70730,89084,81640,80159,80983,216459,204604,218771,281321,195989,233903,247449,282389,"112Y11M"
10015,花蓮縣,10015060,壽豐鄉,23969,25332,25495,25395,25257,26254,26443,26125,61554,79222,82130,78011,59726,97309,103442,86157,"112Y11M"
10015,花蓮縣,10015070,光復鄉,8305,8353,8416,8383,8821,8664,8794,8672,23890,28288,30755,26586,23933,34208,37806,31047,"112Y11M"
10015,花蓮縣,10015080,豐濱鄉,2927,3120,3152,3208,2933,3005,3094,3064,6844,12843,13938,8121,7206,17466,19082,9846,"112Y11M"
10015,花蓮縣,10015090,瑞穗鄉,8722,8593,8753,8646,9484,9624,9747,9592,25976,29536,32307,30071,26848,35136,39352,35454,"112Y11M"
10015,花蓮縣,10015100,富里鄉,6290,6256,6338,6265,6609,6553,6680,6647,19226,22711,24679,20598,19085,26443,30045,23588,"112Y11M"
10015,花蓮縣,10015110,秀林鄉,15443,21331,23176,22453,15489,21451,21923,21614,40468,60940,61013,45766,52127,82094,80417,56982,"112Y11M"
10015,花蓮縣,10015120,萬榮鄉,2223,2087,2106,2123,2487,2445,2484,2440,4478,4515,4614,4793,4726,5469,5707,5497,"112Y11M"
10015,花蓮縣,10015130,卓溪鄉,3253,2960,2917,2990,3235,3266,3241,3221,6349,6098,6444,6256,6106,7071,7168,6615,"112Y11M"
10016,澎湖縣,10016010,馬公市,50234,49154,49586,49231,50918,49667,50414,49748,149115,160185,164076,215864,128115,165237,159890,206130,"112Y11M"
10016,澎湖縣,10016020,湖西鄉,9756,9335,9471,9402,9634,9673,9667,9696,26491,25500,27644,30936,24135,27701,28934,30220,"112Y11M"
10016,澎湖縣,10016030,白沙鄉,3691,3277,3347,3304,3727,3460,3603,3574,9856,9776,10324,10495,8928,11916,11735,10492,"112Y11M"
10016,澎湖縣,10016040,西嶼鄉,3047,2985,3028,3105,3201,3092,3144,3135,8387,9294,9963,8996,9245,11602,12098,9241,"112Y11M"
10016,澎湖縣,10016050,望安鄉,1443,1358,1379,1398,1368,1275,1296,1322,2122,2426,2454,2258,1856,2052,2278,1909,"112Y11M"
10016,澎湖縣,10016060,七美鄉,1645,1600,1613,1603,1616,1594,1600,1605,2813,3224,3028,3217,2578,3174,2956,3109,"112Y11M"
10017,基隆市,10017010,中正區,52247,49741,49156,49428,52011,50436,51019,50553,121683,128466,130621,162273,98658,142433,146347,161971,"112Y11M"
10017,基隆市,10017020,七堵區,52269,46285,44649,45122,52692,50335,48412,49544,188602,136946,146048,206589,135428,160813,167747,199992,"112Y11M"
10017,基隆市,10017030,暖暖區,34983,26173,26379,26238,35667,32661,32095,32765,86945,64843,71411,102820,73999,85242,89584,105224,"112Y11M"
10017,基隆市,10017040,仁愛區,32048,32086,35058,33172,33433,33996,37915,35052,102710,128178,131522,184688,84498,150200,155478,196844,"112Y11M"
10017,基隆市,10017050,中山區,42458,35545,34516,35286,42159,39612,38541,39448,100754,85732,88131,118904,82175,97643,96414,113259,"112Y11M"
10017,基隆市,10017060,安樂區,78692,60881,58083,59304,79934,75062,70772,73567,177932,141077,144503,207708,148362,179454,173305,201852,"112Y11M"
10017,基隆市,10017070,信義區,51405,42314,40906,41424,52324,49950,48341,49434,114145,99470,100616,142596,93971,114763,109509,135798,"112Y11M"
10018,新竹市,10018010,東區,287345,356057,361692,358639,274108,289957,299114,293194,957167,934027,928738,1397240,654215,959009,967546,1183575,"112Y11M"
10018,新竹市,10018020,北區,150510,119251,117716,117672,152375,143203,140916,141589,364119,327712,339433,530800,317275,420678,420724,531292,"112Y11M"
10018,新竹市,10018030,香山區,89741,77504,75993,76833,89567,84977,82020,83913,239663,188419,205592,290069,206947,231659,251666,298461,"112Y11M"
10020,嘉義市,10020010,東區,114479,124864,123928,124285,115181,117943,117070,116931,358546,387469,400094,531345,289666,426864,427574,514912,"112Y11M"
10020,嘉義市,10020020,西區,135126,126787,130299,128438,139408,135535,138812,136480,377477,407699,430957,625720,328612,475385,490969,655036,"112Y11M"
09020,金門縣,09020010,金城鎮,17496,18870,19313,19318,17821,17625,18204,18012,48742,54407,56228,75788,41471,59207,58103,74469,"112Y11M"
09020,金門縣,09020020,金沙鎮,8577,7498,7460,7653,8522,7959,7891,8216,17830,16300,17502,20763,16158,19350,20118,20805,"112Y11M"
09020,金門縣,09020030,金湖鎮,19050,20609,20547,20586,18493,18890,18753,18899,47192,48642,51470,60250,38380,49749,51293,58091,"112Y11M"
09020,金門縣,09020040,金寧鄉,19794,17766,17759,18036,19679,18647,18393,18905,40477,42586,43957,58875,35713,47151,48905,59433,"112Y11M"
09020,金門縣,09020050,烈嶼鄉,4689,4865,4941,5418,4365,4474,4600,4975,7846,10586,10713,10337,6924,13316,14753,11210,"112Y11M"
09020,金門縣,09020060,烏坵鄉,338,319,321,338,272,300,302,318,217,210,211,212,209,209,214,217,"112Y11M"
09007,連江縣,09007010,南竿鄉,7237,7190,7278,7328,7390,7075,7101,7149,18506,18393,18588,20843,16339,18595,18493,19683,"112Y11M"
09007,連江縣,09007020,北竿鄉,2286,2134,2206,2317,2210,2130,2190,2300,4539,4522,4824,4736,4057,4922,5079,4864,"112Y11M"
09007,連江縣,09007030,莒光鄉,1370,1319,1373,1395,1267,1225,1250,1317,1888,1748,1984,1750,1587,1588,1733,1652,"112Y11M"
09007,連江縣,09007040,東引鄉,2956,2694,2769,2913,2651,2440,2515,2635,4461,4181,4336,4698,4102,4008,3927,4725,"112Y11M"
