"data_time","行政區","位置","淹水期間","淹水時間(分鐘)","最高淹水深度(公分)"
"2020-08-27 13:50:00+08","士林區","臺北市士林區中山北路與福林路口","2020-08-27 13:50:00~2020-08-27 14:50:00","60","30.00"
"2020-08-03 17:04:00+08","文山區","台北市文山區萬隆街73號","2020-08-03 17:04:00~2020-08-03 23:10:59","366","-"
"2020-08-03 16:56:00+08","文山區","台北市文山區萬隆街73號","2020-08-03 16:56:00~2020-08-03 23:10:59","374","-"
"2020-08-03 16:06:00+08","士林區","台北市士林區中山北路6段155號1樓","2020-08-03 16:06:00~2020-08-03 23:10:59","424","-"
"2020-08-03 15:01:00+08","松山區","台北市松山區民生東路4段80巷10號","2020-08-03 15:01:00~2020-08-03 23:10:59","489","-"
"2020-08-03 14:46:00+08","士林區","台北兒童新樂園","2020-08-03 14:46:00~2020-08-03 23:10:59","504","-"
"2020-08-03 14:44:00+08","文山區","興隆路三段","2020-08-03 14:44:00~2020-08-03 23:10:59","506","-"
"2020-08-03 14:43:00+08","松山區","民生東路4段80巷10-16號(約4間民宅)[2020/8/3 下午 02:56:18松山區應變中心]已通報相關單位派員前往處理[2020/8/3 下午 02:58:22工務局]區公所已派員[2020/8/3 下午 03:13:55消防局]2020 年8 月3 日15 時9 分17 秒	到達現場[2020/8/3 下午 03:26:02消防局]2020 年8 月3 日15 時15 分13 秒	安全無虞，離開現場","2020-08-03 14:43:00~2020-08-03 23:10:59","507","-"
"2020-08-03 14:16:00+08","文山區","台北市文山區羅斯福路6段118號","2020-08-03 14:16:00~2020-08-03 23:10:59","534","-"
"2020-08-03 14:06:00+08","信義區","延平北路四段155之2號 ，汙水處理廠對面","2020-08-03 14:06:00~2020-08-03 23:10:59","544","-"
"2020-08-03 14:04:00+08","中山區","北安路到明水路之間","2020-08-03 14:04:00~2020-08-03 23:10:59","546","-"
"2020-08-03 13:55:00+08","內湖區","台北市內湖區金龍路112巷152號","2020-08-03 13:55:00~2020-08-03 23:10:59","555","-"
"2020-08-03 13:52:00+08","中山區","台北市中山區民生東路2段147巷","2020-08-03 13:52:00~2020-08-03 23:10:59","558","-"
"2020-08-03 13:49:00+08","信義區","信義路六段76巷8弄","2020-08-03 13:49:00~2020-08-03 23:10:59","561","-"
"2020-08-03 13:47:00+08","文山區","臺北市文山區景仁里006鄰羅斯福路六段１１８號","2020-08-03 13:47:00~2020-08-03 23:10:59","563","-"
"2020-08-03 13:43:00+08","士林區","台北市士林區延平北路8段2巷153弄","2020-08-03 13:43:00~2020-08-03 23:10:59","567","-"
"2020-08-03 13:39:00+08","內湖區","臺北市內湖區金龍里023鄰金龍路１１２巷１２號","2020-08-03 13:39:00~2020-08-03 23:10:59","571","-"
"2020-08-03 13:39:00+08","松山區","台北市松山區民生東路5段36巷10弄16號","2020-08-03 13:39:00~2020-08-03 23:10:59","571","-"
"2020-08-03 13:37:00+08","北投區","臺北市北投區清江里027鄰崇仁路一段１３６巷１弄１５號1樓","2020-08-03 13:37:00~2020-08-03 23:10:59","573","-"
"2020-08-03 13:29:00+08","北投區","台北市北投區承德路7段393巷","2020-08-03 13:29:00~2020-08-03 23:10:59","581","-"
"2020-08-03 13:26:00+08","士林區","中正路201巷","2020-08-03 13:26:00~2020-08-03 23:10:59","584","-"
"2020-08-03 13:24:00+08","中山區","民生東路二段147巷","2020-08-03 13:24:00~2020-08-03 23:10:59","586","-"
"2020-08-03 13:23:00+08","士林區","台北市士林區中正路187巷50號","2020-08-03 13:23:00~2020-08-03 23:10:59","587","-"
"2020-08-03 13:22:00+08","北投區","台北市北投區大度路怡合巷3弄","2020-08-03 13:22:00~2020-08-03 23:10:59","588","-"
"2020-08-03 13:20:00+08","松山區","臺北市松山區介壽里008鄰民生東路五段３６巷１０弄１６號1樓臺北市松山區介壽里008鄰民生東路五段３６巷１０弄１６號，地下室","2020-08-03 13:20:00~2020-08-03 23:10:59","590","-"
"2020-08-03 13:19:00+08","北投區","台北市北投區中央南路1段102巷6號","2020-08-03 13:19:00~2020-08-03 23:10:59","591","-"
"2020-08-03 13:18:00+08","中山區","臺北市中山區下埤里003鄰復興北路４３０巷８號二樓","2020-08-03 13:18:00~2020-08-03 23:10:59","592","-"
"2020-08-03 13:14:00+08","北投區","臺北市北投區立賢里012鄰尊賢街２４３巷１１號","2020-08-03 13:14:00~2020-08-03 23:10:59","596","-"
"2020-08-03 13:12:00+08","士林區","承德路四段2巷（三腳渡停車場）","2020-08-03 13:12:00~2020-08-03 23:10:59","598","-"
"2020-08-03 13:11:00+08","士林區","延平北路八段2巷153弄","2020-08-03 13:11:00~2020-08-03 23:10:59","599","-"
"2020-08-03 13:07:00+08","北投區","台北市北投區明德路3巷9號","2020-08-03 13:07:00~2020-08-03 23:10:59","603","-"
"2020-08-03 13:05:00+08","北投區","台北市北投區大度路貴子坑溪大度路下方涵洞","2020-08-03 13:05:00~2020-08-03 23:10:59","605","-"
"2020-08-03 13:04:00+08","士林區","延平北路八段2巷","2020-08-03 13:04:00~2020-08-03 23:10:59","606","-"
"2020-08-03 12:52:00+08","北投區","台北市北投區中央南路1段102巷6號","2020-08-03 12:52:00~2020-08-03 23:10:59","618","-"
"2020-08-03 12:51:00+08","士林區","111台灣台北市士林區通河東街二段4號　本里長堤社區大樓管理員告知，通河東街2段4號～5號前的衛生下水道圓孔蓋一直湧出水來，恐會淹到地下室，需做立即處理。","2020-08-03 12:51:00~2020-08-03 23:10:59","619","-"
"2020-08-03 12:50:00+08","士林區","臺北市士林區福德里003鄰美德街２１之１號","2020-08-03 12:50:00~2020-08-03 23:10:59","620","-"
"2020-08-03 12:48:00+08","士林區","中山北路五段704巷","2020-08-03 12:48:00~2020-08-03 23:10:59","622","-"
"2020-08-03 12:47:00+08","南港區","南港高工，南港路一段 (介於板信商銀跟7-11之間)","2020-08-03 12:47:00~2020-08-03 23:10:59","623","-"
"2020-08-03 12:45:00+08","內湖區","臺北市內湖區秀湖里002鄰大湖街１６６巷２０之１號對面，馬路上的水溝，湖山6號公園旁邊","2020-08-03 12:45:00~2020-08-03 23:10:59","625","-"
"2020-08-03 12:41:00+08","士林區","111台灣台北市士林區中正路213巷　中山北路5段511號前慢車道、中山北路5段505巷、中正路187巷、中正路201巷、中正路213巷、中正路223巷、中正路235巷，皆有5公分以上發生積水。","2020-08-03 12:41:00~2020-08-03 23:10:59","629","-"
"2020-08-03 12:40:00+08","士林區","臺北市士林區福林里014鄰中正路１８７巷５０號到68號","2020-08-03 12:40:00~2020-08-03 23:10:59","630","-"
"2020-08-03 12:40:00+08","北投區","大度路怡和巷3弄","2020-08-03 12:40:00~2020-08-03 23:10:59","630","-"
"2020-08-03 12:40:00+08","北投區","臺北市北投區裕民里014鄰裕民六路９０巷１弄６號1樓","2020-08-03 12:40:00~2020-08-03 23:10:59","630","-"
"2020-08-03 12:39:00+08","北投區","臺北市北投區文林里019鄰建民路１８號","2020-08-03 12:39:00~2020-08-03 23:10:59","631","-"
"2020-08-03 12:38:00+08","北投區","台北市北投區承德路7段393巷","2020-08-03 12:38:00~2020-08-03 23:10:59","632","-"
"2020-08-03 12:37:00+08","北投區","臺北市北投區立賢里002鄰承德路七段３４２巷７號臺北市北投區立賢里002鄰承德路七段３４２巷７號1樓","2020-08-03 12:37:00~2020-08-03 23:10:59","633","-"
"2020-08-03 12:37:00+08","北投區","積淹水，約2公分，尊賢街241巷尊賢街241巷","2020-08-03 12:37:00~2020-08-03 23:10:59","633","-"
"2020-08-03 12:34:00+08","中山區","台北市中山區大直街46巷16號1樓","2020-08-03 12:34:00~2020-08-03 23:10:59","636","-"
"2020-08-03 12:29:00+08","北投區","臺北市北投區中央里016鄰大興街１４號後面防火巷","2020-08-03 12:29:00~2020-08-03 23:10:59","641","-"
"2020-08-03 12:29:00+08","北投區","臺北市北投區文林里019鄰明德路３巷９號旁的巷子","2020-08-03 12:29:00~2020-08-03 23:10:59","641","-"
"2020-08-03 12:29:00+08","北投區","臺北市北投區文林里019鄰明德路３巷９號旁的巷子","2020-08-03 12:29:00~2020-08-03 17:20:00","291","-"
"2020-08-03 12:19:00+08","北投區","台北市北投區民族街4號","2020-08-03 12:19:00~2020-08-03 23:10:59","651","-"
"2020-08-03 12:18:00+08","士林區","士林官邸（士林區福林路）","2020-08-03 12:18:00~2020-08-03 23:10:59","652","-"
"2020-08-03 12:08:00+08","北投區","台北市北投區承德路7段32巷3弄","2020-08-03 12:08:00~2020-08-03 23:10:59","662","-"
"2020-08-03 12:07:35+08","北投區","台北市北投區大業路65巷","2020-08-03 12:07:35~2020-08-04 08:40:23","1233","-"
"2020-08-03 12:07:00+08","北投區","台北市北投區大業路65巷","2020-08-03 12:07:00~2020-08-03 23:10:59","663","-"
"2021-09-12 14:35:00+08","士林區","延平北路8段95巷-135號","2021-09-12 14:35:00~2021-09-12 15:30:00","55","-"
"2021-09-12 10:32:00+08","大同區","承德路1段-市民大道1段","2021-09-12 10:32:00~2021-09-12 11:50:00","78","-"
"2021-07-31 16:02:00+08","士林區","天母東路43巷4弄10號至21號","2021-07-31 16:02:00~","null","-"
"2021-07-31 13:52:00+08","北投區","北投區石牌路2段130巷2弄淹水，水深20公分。","2021-07-31 13:52:00~2021-07-31 15:50:00","118","-"
"2021-07-31 13:52:00+08","士林區","士林區仰德大道64號-50號，路面積水，水深膝蓋","2021-07-31 13:52:00~2021-07-31 14:20:00","28","-"
"2021-07-31 13:44:00+08","士林區","士東路228號至286巷","2021-07-31 13:44:00~2021-07-31 15:00:00","76","-"
"2021-07-31 13:32:00+08","北投區","北投區大業路663號，積水深度30公分，面積20公尺","2021-07-31 13:32:00~2021-07-31 15:30:00","118","-"
"2021-07-31 13:32:00+08","士林區","士林區福林路2號，積水10公分以上","2021-07-31 13:32:00~2021-07-31 14:10:00","38","-"
"2021-07-31 13:32:00+08","士林區","士林區天母東路105巷口，水溝雨水已淹到人行道上，深度快達腳踝","2021-07-31 13:32:00~2021-07-31 14:00:00","28","-"
"2021-07-31 13:28:00+08","士林區","天母東路43巷4弄9～11號防火巷內","2021-07-31 13:28:00~2021-07-31 15:20:00","112","-"
"2021-07-29 14:44:00+08","士林區","臺北市士林區延平北路八段55號至110號","2021-07-29 14:44:00~2021-07-29 18:39:13","235","20.00"
"2021-07-24 08:14:00+08","士林區","111台灣台北市士林區通河東街二段21號　通河東街二段21號至23號","2021-07-24 08:14:00~2021-07-24 10:00:00","106","-"
"2021-07-24 07:07:00+08","北投區","公?路往洲美街方向","2021-07-24 07:07:00~2021-07-24 10:10:00","183","-"
"2021-07-24 06:42:00+08","士林區","台北市士林區延平北路8段93巷與96巷、111巷","2021-07-24 06:42:00~2021-07-24 07:50:00","68","-"
"2021-07-24 06:19:00+08","士林區","福林路與中山北路五段口","2021-07-24 06:19:00~2021-07-24 10:50:00","271","-"
"2021-06-04 15:31:00+08","松山區","105台灣台北市松山區敦化北路155巷100弄9號　105台灣台北市松山區敦化北路155巷100弄9號","2021-06-04 15:31:00~2021-06-04 16:50:00","79","30.00"
"2021-06-04 15:17:00+08","大安區","106台灣台北市松山區八德路三段74巷3弄、15弄　吉仁里台北市松山區八德路三段74巷3弄、15弄","2021-06-04 15:17:00~2021-06-04 17:00:00","103","10.00"
"2021-06-04 15:15:00+08","文山區","116台灣台北市文山區木新路二段270-1號　道路積水","2021-06-04 15:15:00~2021-06-04 16:40:00","85","10.00"
"2021-06-04 15:04:00+08","松山區","臺北市松山區光復南路45巷　松山區光復南路45巷有積淹水情形","2021-06-04 15:04:00~2021-06-04 16:40:00","96","15.00"
"2021-06-04 15:04:00+08","信義區","110台灣台北市信義區莊敬路391巷3弄12號　前方路面","2021-06-04 15:04:00~2021-06-04 16:40:00","96","20.00"
"2021-06-04 15:03:00+08","信義區","110台灣台北市信義區莊敬路341巷6號　前方路面","2021-06-04 15:03:00~2021-06-04 16:40:00","97","30.00"
"2021-06-04 14:57:00+08","信義區","臺北市信義區新仁里011鄰忠孝東路四段５５３巷５２弄３號","2021-06-04 14:57:00~2021-06-04 16:30:00","93","10.00"
"2021-06-04 14:46:00+08","松山區","南京東路三段256巷","2021-06-04 14:46:00~2021-06-04 16:20:00","94","50.00"
"2021-06-04 14:43:00+08","信義區","松隆路在永吉路到基隆路之間路段(往基隆路方向)","2021-06-04 14:43:00~2021-06-04 16:40:00","117","20.00"
"2021-06-04 14:42:00+08","士林區","中正路-延平北路五段交叉口","2021-06-04 14:42:00~2021-06-04 16:30:00","108","30.00"
"2021-06-04 14:41:00+08","信義區","莊敬路289巷","2021-06-04 14:41:00~2021-06-04 16:30:00","109","30.00"
"2021-06-04 14:40:00+08","大安區","臺北市大安區黎孝里019鄰富陽街９６號","2021-06-04 14:40:00~2021-06-04 16:40:00","120","20.00"
"2021-06-04 14:39:00+08","士林區","臺北市士林區後港里025鄰通河東街二段２２號","2021-06-04 14:39:00~2021-06-04 16:30:00","111","10.00"
"2021-06-04 14:37:00+08","松山區","八德路四段72巷10弄","2021-06-04 14:37:00~2021-06-04 16:40:00","123","10.00"
"2021-06-04 14:36:00+08","信義區","永吉路120巷50弄整條巷子","2021-06-04 14:36:00~2021-06-04 16:30:00","114","10.00"
"2021-06-04 14:35:00+08","中山區","臺北市中山區江山里013鄰合江街８７號","2021-06-04 14:35:00~2021-06-04 16:30:00","115","10.00"
"2021-06-04 14:34:00+08","信義區","吳興街284巷20弄 巷弄內","2021-06-04 14:34:00~2021-06-04 16:30:00","116","10.00"
"2021-06-04 14:33:00+08","信義區","臺北市信義區興雅里014鄰永吉路３０巷１４８弄１２號","2021-06-04 14:33:00~2021-06-04 16:30:00","117","10.00"
"2021-06-04 14:30:00+08","信義區","永吉路30巷158弄","2021-06-04 14:30:00~2021-06-04 16:30:00","120","10.00"
"2021-06-04 14:27:00+08","大安區","通化街57巷","2021-06-04 14:27:00~2021-06-04 16:30:00","123","20.00"
"2021-06-04 14:25:00+08","松山區","敦化北路155巷巷口","2021-06-04 14:25:00~2021-06-04 16:30:00","125","30.00"
"2021-06-04 14:25:00+08","信義區","臺北市信義區敦厚里010鄰松隆路７２號前面","2021-06-04 14:25:00~2021-06-04 16:30:00","125","10.00"
"2021-06-04 14:24:00+08","信義區","臺北市信義區興雅里028鄰忠孝東路五段１６５巷３弄６號","2021-06-04 14:24:00~2021-06-04 16:40:00","136","30.00"
"2021-06-04 14:24:00+08","信義區","臺北市信義區黎平里016鄰富陽街２５號","2021-06-04 14:24:00~2021-06-04 16:30:00","126","10.00"
"2021-06-04 14:24:00+08","信義區","虎林街242巷巷內道路二側","2021-06-04 14:24:00~2021-06-04 16:30:00","126","15.00"
"2021-06-04 14:23:00+08","松山區","臺北市松山區吉祥里003鄰八德路四段２４５巷３２弄２１號1樓前方","2021-06-04 14:23:00~2021-06-04 16:20:00","117","10.00"
"2021-06-04 14:22:00+08","信義區","臺北市信義區敦厚里011鄰永吉路３０巷１號","2021-06-04 14:22:00~2021-06-04 16:30:00","128","10.00"
"2021-06-04 14:22:00+08","信義區","永吉路30巷148弄","2021-06-04 14:22:00~2021-06-04 16:30:00","128","15.00"
"2021-06-04 14:21:00+08","信義區","臺北市信義區興雅里026鄰永吉路３０巷１６７弄３４號","2021-06-04 14:21:00~2021-06-04 16:30:00","129","10.00"
"2021-06-04 14:19:00+08","大安區","臺北市大安區建倫里003鄰安和路一段２７號","2021-06-04 14:19:00~2021-06-04 16:40:00","141","10.00"
"2021-06-04 14:18:00+08","信義區","忠孝東路五段236巷10弄整條巷子","2021-06-04 14:18:00~2021-06-04 16:20:00","122","10.00"
"2021-06-04 14:17:00+08","信義區","臺北市信義區興雅里001鄰忠孝東路五段６號","2021-06-04 14:17:00~2021-06-04 16:30:00","133","20.00"
"2021-06-04 14:17:00+08","信義區","信義路六段76巷2弄內","2021-06-04 14:17:00~2021-06-04 16:20:00","123","10.00"
"2021-06-04 14:16:00+08","文山區","臺北市文山區興家里019鄰興隆路三段２２１巷２弄７號1樓","2021-06-04 14:16:00~2021-06-04 16:30:00","134","15.00"
"2021-06-04 14:16:00+08","信義區","福德街310巷巷內","2021-06-04 14:16:00~2021-06-04 16:20:00","124","40.00"
"2021-06-04 14:16:00+08","信義區","台北市信義區信義路6段43號","2021-06-04 14:16:00~2021-06-04 16:20:00","124","50.00"
"2021-06-04 14:13:00+08","信義區","永吉路30巷83弄道馬路上","2021-06-04 14:13:00~2021-06-04 16:30:00","137","10.00"
"2021-06-04 14:12:00+08","信義區","莊敬路391巷3弄整條巷子","2021-06-04 14:12:00~2021-06-04 16:40:00","148","10.00"
"2021-06-04 14:10:00+08","大安區","臺北市大安區黎孝里005鄰安居街３４巷８號1樓","2021-06-04 14:10:00~2021-06-04 16:50:00","160","10.00"
"2021-06-04 14:10:00+08","大安區","臺北市大安區建倫里010鄰忠孝東路四段２１６巷８弄８號","2021-06-04 14:10:00~2021-06-04 16:50:00","160","10.00"
"2021-06-04 14:09:00+08","大安區","臺北市大安區群賢里003鄰和平東路二段２６５巷３７弄１０號","2021-06-04 14:09:00~2021-06-04 16:50:00","161","10.00"
"2021-06-04 14:08:00+08","南港區","興東街10巷整條巷子","2021-06-04 14:08:00~2021-06-04 16:50:00","162","10.00"
"2021-06-04 14:07:00+08","內湖區","臺北市內湖區湖興里013鄰瑞光路９號至70幾號之間","2021-06-04 14:07:00~2021-06-04 16:50:00","163","10.00"
"2021-06-04 14:06:00+08","信義區","逸仙路42巷巷道內","2021-06-04 14:06:00~2021-06-04 16:40:00","154","10.00"
"2021-06-04 14:06:00+08","南港區","興東街10巷內","2021-06-04 14:06:00~2021-06-04 16:20:00","134","10.00"
"2021-06-04 14:05:00+08","信義區","吳興街284巷 巷內","2021-06-04 14:05:00~2021-06-04 16:40:00","155","10.00"
"2021-06-04 14:04:00+08","文山區","臺北市文山區興光里007鄰興隆路三段４７號","2021-06-04 14:04:00~2021-06-04 16:50:00","166","10.00"
"2021-06-04 14:04:00+08","大安區","臺北市大安區光信里016鄰延吉街２５１號","2021-06-04 14:04:00~2021-06-04 16:50:00","166","10.00"
"2021-06-04 14:04:00+08","文山區","興德路上，興隆路三段至興德路62巷之間","2021-06-04 14:04:00~2021-06-04 16:30:00","146","20.00"
"2021-06-04 14:03:00+08","文山區","木柵路二段-興隆路四段","2021-06-04 14:03:00~2021-06-04 16:20:00","137","10.00"
"2021-06-04 14:02:00+08","信義區","信義路六段-松德路","2021-06-04 14:02:00~2021-06-04 16:50:00","168","10.00"
"2021-06-04 14:01:00+08","信義區","信義路六段15巷(整條)","2021-06-04 14:01:00~2021-06-04 16:50:00","169","30.00"
"2021-06-04 14:01:00+08","信義區","虎林街232巷(整條)","2021-06-04 14:01:00~2021-06-04 16:30:00","149","30.00"
"2021-06-04 14:00:00+08","信義區","臺北市信義區景新里002鄰吳興街２０７號","2021-06-04 14:00:00~2021-06-04 16:30:00","150","20.00"
"2021-06-04 13:59:00+08","南港區","臺北市南港區中南里020鄰市民大道八段５４８號","2021-06-04 13:59:00~2021-06-04 16:30:00","151","30.00"
"2021-06-04 13:59:00+08","大安區","臺北市大安區學府里010鄰基隆路三段１５５巷１０７弄４７號","2021-06-04 13:59:00~2021-06-04 16:30:00","151","20.00"
"2021-06-04 13:59:00+08","內湖區","康寧路三段-安康路交叉口","2021-06-04 13:59:00~2021-06-04 16:20:00","141","10.00"
"2021-06-04 13:57:00+08","信義區","臺北市信義區泰和里001鄰松仁路３０６號","2021-06-04 13:57:00~2021-06-04 16:20:00","143","10.00"
"2021-06-04 13:55:00+08","信義區","臺北市信義區正和里005鄰光復南路４１７巷３７號","2021-06-04 13:55:00~2021-06-04 16:40:00","165","10.00"
"2021-06-04 13:52:00+08","信義區","臺北市信義區泰和里006鄰吳興街５８３巷２弄１９號","2021-06-04 13:52:00~2021-06-04 16:40:00","168","10.00"
"2021-06-04 13:51:00+08","信義區","臺北市信義區廣居里012鄰虎林街１３２巷７１號","2021-06-04 13:51:00~2021-06-04 16:20:00","149","10.00"
"2021-06-04 13:47:00+08","文山區","臺北市文山區萬有里013鄰羅斯福路六段３９巷１號至13號","2021-06-04 13:47:00~2021-06-04 16:30:00","163","10.00"
"2021-06-04 13:46:00+08","大安區","臺北市大安區通化里017鄰通化街５７巷５９號後方防火巷及通化街５７巷整條巷","2021-06-04 13:46:00~2021-06-04 16:40:00","174","10.00"
"2021-06-04 13:44:00+08","文山區","臺北市文山區興光里007鄰興德路６巷２２號整條巷子","2021-06-04 13:44:00~2021-06-04 16:30:00","166","10.00"
"2021-06-04 13:44:00+08","信義區","臺北市信義區松友里010鄰信義路六段７６巷８弄７２號的路口","2021-06-04 13:44:00~2021-06-04 16:30:00","166","10.00"
"2021-06-04 13:43:00+08","南港區","臺北市南港區中南里020鄰市民大道八段５４８號","2021-06-04 13:43:00~2021-06-04 16:30:00","167","30.00"
"2021-06-04 13:41:00+08","文山區","臺北市文山區明義里005鄰木柵路二段１２４號前方","2021-06-04 13:41:00~2021-06-04 16:20:00","159","10.00"
"2021-06-04 13:40:00+08","大安區","台北市大安區基隆路三段109號(面向機車行門前左側DJ箱下)","2021-06-04 13:40:00~2021-06-04 14:45:00","65","24.00"
"2021-06-04 13:37:00+08","文山區","路面淹到腳踝","2021-06-04 13:37:00~2021-06-04 16:50:00","193","10.00"
"2021-06-04 13:33:00+08","文山區","景興路108巷","2021-06-04 13:33:00~2021-06-04 16:30:00","177","10.00"
"2021-06-04 13:33:00+08","信義區","信義區松隆路28號","2021-06-04 13:33:00~2021-06-04 16:30:00","177","20.00"
"2021-06-04 13:26:00+08","文山區","景興路108巷附近","2021-06-04 13:26:00~2021-06-04 16:20:00","174","10.00"
"2021-06-04 13:21:00+08","文山區","台北市文山區興隆路二段299號旁巷內交接箱(CM1020)下","2021-06-04 13:21:00~2021-06-04 14:36:00","75","40.00"
"2021-06-04 13:19:00+08","文山區","台北市文山區仙岩路22巷","2021-06-04 13:19:00~2021-06-04 17:00:00","221","10.00"
"2021-06-04 13:19:00+08","文山區","興隆路二段299號淹水10公分","2021-06-04 13:19:00~2021-06-04 16:20:00","181","10.00"
"2021-05-24 17:00:00+08","內湖區","台北市內湖區東湖路58巷","2021-05-24 17:00:00~2021-05-24 17:20:00","20","30.00"
"2022-10-16 21:01:00+08","南港區","臺北市南港區九如里021鄰研究院路二段１８２巷１０７弄３３號","2022-10-16 21:01:00~2022-10-16 22:10:00","69","10.00"
"2022-10-16 20:17:00+08","南港區","研究院路2段胡適公園","2022-10-16 20:17:00~2022-10-16 22:50:00","153","-"
"2022-10-16 20:17:00+08","南港區","研究院路2段胡適公園","2022-10-16 20:17:00~2022-10-16 22:20:00","123","-"
"2022-10-16 20:04:00+08","內湖區","民權東路6段99號","2022-10-16 20:04:00~2022-10-16 20:40:00","36","-"
"2022-10-16 20:03:00+08","大同區","蘭州街89巷12號","2022-10-16 20:03:00~2022-10-16 22:00:00","117","-"
"2022-10-16 20:02:00+08","內湖區","康樂街131巷3號1樓","2022-10-16 20:02:00~2022-10-16 20:20:00","18","-"
"2022-10-16 19:57:00+08","信義區","北安路458巷 明水路口","2022-10-16 19:57:00~2022-10-16 22:10:00","133","-"
"2022-10-16 19:47:00+08","中山區","大佳河濱公園_大佳碼頭","2022-10-16 19:47:00~2022-10-16 20:40:00","53","-"
"2022-10-16 19:38:00+08","內湖區","成功路2段426巷11號1樓","2022-10-16 19:38:00~2022-10-16 22:20:00","162","20.00"
"2022-10-16 19:37:00+08","內湖區","江南街113之1號","2022-10-16 19:37:00~2022-10-16 20:30:00","53","-"
"2022-10-16 19:20:00+08","南港區","重陽路235巷2號三樓","2022-10-16 19:20:00~2022-10-16 22:30:00","190","-"
"2022-10-16 19:13:00+08","松山區","民生東路4段54號7樓","2022-10-16 19:13:00~2022-10-16 20:10:00","57","-"
"2022-10-16 19:07:00+08","中山區","民權東路2段92巷1弄","2022-10-16 19:07:00~2022-10-16 20:10:00","63","-"
"2022-10-16 19:07:00+08","中山區","錦州街231巷","2022-10-16 19:07:00~2022-10-16 20:10:00","63","-"
"2022-10-16 19:07:00+08","中山區","新生北路3段56巷4號6號","2022-10-16 19:07:00~2022-10-16 19:30:00","23","-"
"2022-10-16 19:01:00+08","士林區","延平北路7段至9段","2022-10-16 19:01:00~2022-10-16 20:10:00","69","-"
"2022-10-16 19:01:00+08","南港區","成福路211巷","2022-10-16 19:01:00~2022-10-16 20:10:00","69","-"
"2022-10-16 18:58:00+08","中正區","南海路56號","2022-10-16 18:58:00~2022-10-16 19:10:00","12","10.00"
"2022-10-16 18:57:00+08","松山區","興安街174巷3弄17號","2022-10-16 18:57:00~2022-10-16 20:40:00","103","-"
"2022-10-16 18:57:00+08","松山區","松山區民生東路4段75號","2022-10-16 18:57:00~2022-10-16 20:40:00","103","-"
"2022-10-16 18:57:00+08","內湖區","內湖區環山路1段136巷20弄7號","2022-10-16 18:57:00~2022-10-16 20:30:00","93","-"
"2022-10-16 18:54:00+08","信義區","松隆路１號","2022-10-16 18:54:00~","null","-"
"2022-10-16 18:49:00+08","大同區","承德路2段萬全街","2022-10-16 18:49:00~2022-10-16 21:40:00","171","-"
"2022-10-16 18:45:00+08","信義區","吳興街600巷76弄91號","2022-10-16 18:45:00~","null","-"
"2022-10-16 18:39:00+08","中山區","林森北路138巷25號;林森北路138巷26號b1","2022-10-16 18:39:00~2022-10-16 22:40:00","241","-"
"2022-10-16 18:36:00+08","南港區","忠孝東路6段462巷","2022-10-16 18:36:00~2022-10-17 00:10:00","334","15.00"
"2022-10-16 18:36:00+08","南港區","忠孝東路6段462巷","2022-10-16 18:36:00~2022-10-16 22:00:00","204","-"
"2022-10-16 18:36:00+08","士林區","臺北市通河街325","2022-10-16 18:36:00~2022-10-16 20:30:00","114","-"
"2022-10-16 18:33:00+08","信義區","臺北市士林區中山北路七段１４１巷１號","2022-10-16 18:33:00~2022-10-17 14:50:00","1217","-"
"2022-10-16 18:33:00+08","中山區","中山北路二段-錦州街","2022-10-16 18:33:00~2022-10-16 19:10:00","37","-"
"2022-10-16 18:32:00+08","士林區","通河東街一段7號","2022-10-16 18:32:00~","null","-"
"2022-10-16 18:30:00+08","信義區","吳興街284巷20弄","2022-10-16 18:30:00~2022-10-16 19:40:00","70","10.00"
"2022-10-16 18:29:00+08","大同區","重慶北路四段","2022-10-16 18:29:00~2022-10-16 19:30:00","61","20.00"
"2022-10-16 18:29:00+08","松山區","北寧路４０號1樓","2022-10-16 18:29:00~2022-10-16 18:40:00","11","-"
"2022-10-16 18:26:00+08","士林區","延平北路8段2巷56弄","2022-10-16 18:26:00~2022-10-16 21:40:00","194","20.00"
"2022-10-16 18:26:00+08","大同區","重慶北路三段-民族西路","2022-10-16 18:26:00~2022-10-16 21:00:00","154","-"
"2022-10-16 18:23:00+08","大同區","環河北路2段383號1樓","2022-10-16 18:23:00~2022-10-16 21:40:00","197","10.00"
"2022-10-16 18:22:00+08","南港區","胡適公園","2022-10-16 18:22:00~2022-10-16 22:20:00","238","-"
"2022-10-16 18:21:00+08","大同區","敦煌路160-1號;台北交流道北上路口","2022-10-16 18:21:00~2022-10-16 21:10:00","169","-"
"2022-10-16 18:20:00+08","萬華區","臺北市萬華區漢中街122號","2022-10-16 18:20:00~2022-10-16 19:40:00","80","10.00"
"2022-10-16 18:17:00+08","內湖區","內湖區康樂街186巷1弄8號","2022-10-16 18:17:00~2022-10-16 19:40:00","83","-"
"2022-10-16 18:15:00+08","南港區","成福路211巷","2022-10-16 18:15:00~2022-10-16 22:00:00","225","-"
"2022-10-16 18:14:00+08","大同區","重慶北路4段","2022-10-16 18:14:00~2022-10-16 19:30:00","76","-"
"2022-10-16 18:11:00+08","士林區","延平北路9段154號","2022-10-16 18:11:00~2022-10-16 19:30:00","79","-"
"2022-10-16 18:11:00+08","大同區","重慶北路4段","2022-10-16 18:11:00~2022-10-16 18:50:00","39","10.00"
"2022-10-16 18:09:00+08","信義區","康寧路三段-安康路328巷","2022-10-16 18:09:00~2022-10-16 20:10:00","121","-"
"2022-10-16 18:07:00+08","內湖區","康寧路三段","2022-10-16 18:07:00~2022-10-16 20:10:00","123","-"
"2022-10-16 18:03:00+08","內湖區","成功路5段170巷","2022-10-16 18:03:00~2022-10-16 20:10:00","127","-"
"2022-10-16 17:59:00+08","中山區","民生東路2段147巷5弄","2022-10-16 17:59:00~2022-10-16 20:10:00","131","-"
"2022-10-16 17:58:00+08","中山區","錦西街-中山北路二段","2022-10-16 17:58:00~2022-10-16 20:10:00","132","-"
"2022-10-16 17:58:00+08","中山區","錦西街-中山北路二段","2022-10-16 17:58:00~2022-10-16 20:10:00","132","10.00"
"2022-10-16 17:51:00+08","士林區","延平北路5段224巷21號","2022-10-16 17:51:00~2022-10-16 18:30:00","39","-"
"2022-10-16 17:44:00+08","內湖區","文德路210巷30弄26號","2022-10-16 17:44:00~2022-10-16 20:00:00","136","-"
"2022-10-16 17:42:00+08","內湖區","內湖區文湖街21巷68弄","2022-10-16 17:42:00~2022-10-16 18:30:00","48","-"
"2022-10-16 17:33:00+08","內湖區","內湖路2段76巷","2022-10-16 17:33:00~2022-10-16 19:40:00","127","-"
"2022-10-16 17:31:00+08","士林區","至善路2段266巷","2022-10-16 17:31:00~2022-10-16 18:20:00","49","-"
"2022-10-16 17:29:00+08","內湖區","成功路5段180號","2022-10-16 17:29:00~2022-10-16 19:30:00","121","-"
"2022-10-16 17:27:00+08","士林區","德行東路397巷2號","2022-10-16 17:27:00~2022-10-16 18:30:00","63","-"
"2022-10-16 17:27:00+08","中山區","民權東路2段92巷7弄24號","2022-10-16 17:27:00~2022-10-16 18:10:00","43","-"
"2022-10-16 17:27:00+08","內湖區","江南街71巷31號","2022-10-16 17:27:00~2022-10-16 18:10:00","43","-"
"2022-10-16 17:26:00+08","北投區","文林北路-明德路","2022-10-16 17:26:00~2022-10-16 19:20:00","114","-"
"2022-10-16 17:24:00+08","內湖區","金龍路112巷14號","2022-10-16 17:24:00~2022-10-16 18:10:00","46","10.00"
"2022-10-16 17:19:00+08","內湖區","陽光街82巷25弄6號1樓","2022-10-16 17:19:00~2022-10-16 18:10:00","51","-"
"2022-10-16 17:17:00+08","中山區","大直街46巷16號","2022-10-16 17:17:00~2022-10-16 18:20:00","63","-"
"2022-10-16 17:16:00+08","士林區","中山北路6段315巷2弄5號1樓","2022-10-16 17:16:00~2022-10-16 18:30:00","74","-"
"2022-10-16 17:07:00+08","信義區","虎林街242巷77號","2022-10-16 17:07:00~2022-10-16 17:20:00","13","10.00"
"2022-10-16 16:51:00+08","信義區","信義區福德街53號","2022-10-16 16:51:00~2022-10-16 17:40:00","49","-"
"2022-10-16 16:50:00+08","北投區","石牌路2段201號","2022-10-16 16:50:00~2022-10-16 18:30:00","100","-"
"2022-10-16 16:49:00+08","南港區","向陽路185號1樓","2022-10-16 16:49:00~2022-10-16 20:40:00","231","-"
"2022-10-16 16:49:00+08","南港區","向陽路185號1樓","2022-10-16 16:49:00~2022-10-16 17:40:00","51","-"
"2022-10-16 16:39:00+08","士林區","通河東街二段23號","2022-10-16 16:39:00~2022-10-16 18:00:00","81","-"
"2022-10-16 16:30:00+08","南港區","研究院路二段、大坑街口","2022-10-16 16:30:00~2022-10-16 22:20:00","350","-"
"2022-10-16 16:29:00+08","信義區","吳興街284巷59弄","2022-10-16 16:29:00~2022-10-16 21:00:00","271","-"
"2022-10-16 16:26:00+08","大安區","辛亥路3段284巷8之12號","2022-10-16 16:26:00~2022-10-16 17:30:00","64","30.00"
"2022-10-16 16:11:00+08","內湖區","東湖路58巷","2022-10-16 16:11:00~2022-10-16 20:50:00","279","-"
"2022-10-16 16:09:00+08","信義區","吳興街524巷","2022-10-16 16:09:00~2022-10-16 17:10:00","61","10.00"
"2022-10-16 16:08:00+08","信義區","信義區崇德街269號","2022-10-16 16:08:00~2022-10-16 22:10:00","362","-"
"2022-10-16 16:08:00+08","中正區","中正區杭州南路1段71巷14號","2022-10-16 16:08:00~2022-10-16 22:00:00","352","-"
"2022-10-16 16:08:00+08","信義區","信義區六合里信義路五段150巷401弄32號1樓","2022-10-16 16:08:00~2022-10-16 20:50:00","282","-"
"2022-10-16 16:08:00+08","信義區","信義路5段150巷401弄","2022-10-16 16:08:00~2022-10-16 17:20:00","72","-"
"2022-10-16 16:04:00+08","內湖區","台北市內湖區東湖路58巷11號","2022-10-16 16:04:00~","null","-"
"2022-10-16 15:58:00+08","松山區","105台灣台北市松山區敦化北路155巷100號　105台灣台北市松山區敦化北路155巷100巷","2022-10-16 15:58:00~2022-10-16 19:30:00","212","20.00"
"2022-10-16 15:58:00+08","內湖區","臺北市內湖區金湖路326巷68號","2022-10-16 15:58:00~2022-10-16 17:00:00","62","-"
"2022-10-16 15:57:00+08","內湖區","康湖路至成功路5段道路積水，汽車勉強可通行，幾車有困難","2022-10-16 15:57:00~2022-10-16 19:50:00","233","30.00"
"2022-10-16 15:57:00+08","內湖區","成功路5段45巷1號","2022-10-16 15:57:00~2022-10-16 17:00:00","63","-"
"2022-10-16 15:57:00+08","內湖區","成功路二段167號","2022-10-16 15:57:00~2022-10-16 16:30:00","33","-"
"2022-10-16 15:56:00+08","信義區","信義區信義路5段150巷401弄38號","2022-10-16 15:56:00~2022-10-16 21:50:00","354","-"
"2022-10-16 15:54:00+08","信義區","信義區松德路309號","2022-10-16 15:54:00~2022-10-16 20:20:00","266","-"
"2022-10-16 15:52:00+08","中山區","德惠街16之5號","2022-10-16 15:52:00~2022-10-16 16:30:00","38","-"
"2022-10-16 15:51:00+08","南港區","臺北市南港區南港路1段117巷2號","2022-10-16 15:51:00~2022-10-16 17:00:00","69","-"
"2022-10-16 15:50:00+08","信義區","信義區六合里信義路五段150巷392號1樓","2022-10-16 15:50:00~2022-10-16 21:40:00","350","-"
"2022-10-16 15:50:00+08","信義區","信義區大道里中坡南路26號前污水孔蓋","2022-10-16 15:50:00~2022-10-16 19:30:00","220","-"
"2022-10-16 15:50:00+08","信義區","虎林街242巷","2022-10-16 15:50:00~2022-10-16 17:10:00","80","-"
"2022-10-16 15:47:00+08","南港區","南港區南港路1段117巷2號","2022-10-16 15:47:00~2022-10-16 17:00:00","73","-"
"2022-10-16 15:39:00+08","內湖區","康湖路交成功路5段","2022-10-16 15:39:00~2022-10-16 17:00:00","81","30.00"
"2022-10-16 15:36:00+08","中山區","臺北市中山區圓山里009鄰林森北路６２２號","2022-10-16 15:36:00~2022-10-16 17:00:00","84","10.00"
"2022-10-16 15:31:00+08","信義區","信義區信義路6段15巷24號","2022-10-16 15:31:00~2022-10-16 17:00:00","89","10.00"
"2022-10-16 15:30:00+08","大安區","大安區新生南路3段90號","2022-10-16 15:30:00~2022-10-16 17:00:00","90","10.00"
"2022-10-16 15:30:00+08","南港區","中南街42巷","2022-10-16 15:30:00~2022-10-16 17:00:00","90","-"
"2022-10-16 15:15:00+08","內湖區","安泰街54巷5號","2022-10-16 15:15:00~2022-10-16 20:40:00","325","-"
"2022-10-16 15:09:00+08","內湖區","東湖路58巷道路積淹水","2022-10-16 15:09:00~2022-10-16 17:10:00","121","10.00"
"2022-10-16 13:56:00+08","松山區","南京東路交敦化北路","2022-10-16 13:56:00~2022-10-16 15:40:00","104","-"
"2022-10-16 09:32:00+08","松山區","南京東路交敦化北路","2022-10-16 09:32:00~2022-10-16 16:10:00","398","-"
"2022-08-25 17:32:00+08","大安區","敦化南路二段交基隆路二段人行地下道","2022-08-25 17:32:00~2022-08-25 18:20:00","48","-"
"2022-08-25 17:03:00+08","大安區","敦化南路1段233巷63號","2022-08-25 17:03:00~2022-08-25 18:00:00","57","10.00"
"2022-08-25 16:56:00+08","大安區","基隆路3段107巷2號","2022-08-25 16:56:00~2022-08-25 18:00:00","64","10.00"
"2022-08-25 16:45:00+08","松山區","基隆路1段1號","2022-08-25 16:45:00~2022-08-25 17:40:00","55","-"
"2022-08-25 16:44:00+08","大安區","四維路44巷26號1樓","2022-08-25 16:44:00~2022-08-25 18:20:00","96","-"
"2022-08-25 16:43:00+08","大安區","信義路4段294巷","2022-08-25 16:43:00~2022-08-25 17:20:00","37","-"
"2022-08-25 16:42:00+08","信義區","崇德街38巷23號","2022-08-25 16:42:00~2022-08-25 17:20:00","38","-"
"2022-08-25 16:42:00+08","文山區","羅斯福路5段176巷","2022-08-25 16:42:00~2022-08-25 17:10:00","28","-"
"2022-08-25 16:38:00+08","大安區","復興南路2段193巷","2022-08-25 16:38:00~2022-08-25 17:00:00","22","-"
"2022-08-25 16:31:00+08","松山區","南京東路五段291巷22號","2022-08-25 16:31:00~2022-08-25 17:20:00","49","-"
"2022-08-25 16:31:00+08","信義區","莊敬路-信義路五段","2022-08-25 16:31:00~2022-08-25 17:20:00","49","-"
"2022-08-25 16:26:00+08","信義區","汀州路3段110號","2022-08-25 16:26:00~2022-08-25 17:20:00","54","-"
"2022-08-25 16:24:00+08","中正區","金門街24巷-同安街","2022-08-25 16:24:00~2022-08-25 17:20:00","56","-"
"2022-08-25 16:21:00+08","信義區","基隆路2段149號","2022-08-25 16:21:00~2022-08-25 17:30:00","69","-"
"2022-08-25 16:19:00+08","大安區","基隆路3段155巷","2022-08-25 16:19:00~2022-08-25 17:20:00","61","-"
"2022-08-25 17:03:00+08","大安區","敦化南路1段233巷63號","2022-08-25 17:03:00~2022-08-25 18:00:00","57","10.00"
"2023-10-05 07:25:00+08","信義區","崇德街328號","2023-10-05 07:25:00~2023-10-06 22:49:56","2364","-"
"2023-08-22 16:53:00+08","中山區","臺北市中山區濱江街211號","2023-08-22 16:53:00~2023-08-22 18:20:00","87","-"
"2023-08-22 16:43:00+08","大同區","臺北市大同區延平北路1段143號","2023-08-22 16:43:00~2023-08-22 16:50:00","7","-"
"2023-08-20 17:20:00+08","士林區","美德街積水10公分","2023-08-20 17:20:00~2023-08-21 23:19:54","1799","-"
"2023-08-20 15:30:00+08","士林區","台北市士林區中正路交美德街","2023-08-20 15:30:00~2023-08-20 16:00:00","30","10.00"
"2023-08-20 15:30:00+08","士林區","台北市士林區至善路二段268號","2023-08-20 15:30:00~2023-08-20 16:00:00","30","10.00"
"2023-08-20 15:30:00+08","士林區","台北市士林區中山北路五段交福林路","2023-08-20 15:30:00~2023-08-20 16:00:00","30","20.00"
"2023-08-20 15:30:00+08","中正區","台北市中正區忠孝東路2段101號(捷運忠孝新生站1號出口前）","2023-08-20 15:30:00~2023-08-20 16:00:00","30","10.00"
"2023-08-20 15:25:00+08","士林區","路面積水10公分","2023-08-20 15:25:00~2023-08-21 23:19:54","1914","-"
"2023-08-10 17:19:00+08","北投區","中央北路2段257巷","2023-08-10 17:19:00~2023-08-10 22:40:00","321","-"
"2023-08-10 17:11:00+08","中正區","重慶南路1段165號(北一女旁人口蓋倒灌)","2023-08-10 17:11:00~2023-08-10 22:40:00","329","-"
"2023-08-10 17:11:00+08","中正區","臺北市中正區建國里貴陽街一段5號(弘道國中及國家圖書館旁)","2023-08-10 17:11:00~2023-08-10 22:40:00","329","-"
"2023-08-10 17:06:00+08","中正區","開封街1段27號","2023-08-10 17:06:00~2023-08-10 22:40:00","334","-"
"2023-08-10 17:02:00+08","中山區","大佳國小","2023-08-10 17:02:00~2023-08-10 22:40:00","338","-"
"2023-08-10 16:57:00+08","大同區","酒泉街268號","2023-08-10 16:57:00~2023-08-10 22:40:00","343","-"
"2023-08-10 16:52:00+08","中正區","公園路21號(弘道國中大門前)","2023-08-10 16:52:00~2023-08-10 22:40:00","348","-"
"2023-08-10 16:49:00+08","大同區","重慶北路1段和天水路的交叉路口","2023-08-10 16:49:00~2023-08-10 22:40:00","351","-"
"2023-08-10 16:48:00+08","大同區","民族西路244號2樓","2023-08-10 16:48:00~2023-08-10 22:40:00","352","-"
"2023-08-10 16:48:00+08","大同區","酒泉街199號","2023-08-10 16:48:00~2023-08-10 22:40:00","352","-"
"2023-08-10 16:48:00+08","大同區","伊寧街49號","2023-08-10 16:48:00~2023-08-10 22:40:00","352","-"
"2023-08-10 16:48:00+08","大同區","迪化街1段","2023-08-10 16:48:00~2023-08-10 22:40:00","352","-"
"2023-08-10 16:48:00+08","大同區","民族西路225巷1號","2023-08-10 16:48:00~2023-08-10 22:40:00","352","-"
"2023-08-10 16:48:00+08","大同區","南京西路321號","2023-08-10 16:48:00~2023-08-10 22:40:00","352","-"
"2023-08-10 16:46:00+08","士林區","承德路4段305號","2023-08-10 16:46:00~2023-08-10 22:40:00","354","-"
"2023-08-10 16:45:00+08","中正區","襄陽路6號","2023-08-10 16:45:00~2023-08-10 22:40:00","355","-"
"2023-08-10 16:45:00+08","中正區","二二八和平紀念公園","2023-08-10 16:45:00~2023-08-10 22:40:00","355","-"
"2023-08-10 16:43:00+08","中正區","長沙街1段2號前","2023-08-10 16:43:00~2023-08-10 22:40:00","357","-"
"2023-08-10 16:40:00+08","中正區","南陽街24號","2023-08-10 16:40:00~2023-08-10 22:40:00","360","-"
"2023-08-10 16:38:00+08","北投區","石牌路2段199號","2023-08-10 16:38:00~2023-08-10 22:40:00","362","-"
"2023-08-10 16:34:00+08","士林區","大東路2號","2023-08-10 16:34:00~2023-08-10 22:40:00","366","-"
"2023-08-10 16:33:00+08","士林區","承德路4段277巷50號1樓","2023-08-10 16:33:00~2023-08-10 22:40:00","367","-"
"2023-08-10 16:30:00+08","中正區","博愛路166號前(總統府後門)","2023-08-10 16:30:00~2023-08-10 22:40:00","370","-"
"2023-08-10 16:23:00+08","萬華區","桂林路160號","2023-08-10 16:23:00~2023-08-10 22:40:00","377","-"
"2023-08-10 16:22:00+08","大同區","酒泉街164號","2023-08-10 16:22:00~2023-08-10 22:40:00","378","-"
"2023-08-10 16:22:00+08","大同區","長安西路37-1號","2023-08-10 16:22:00~2023-08-10 22:40:00","378","-"
"2023-08-10 16:21:00+08","中山區","長春路137巷3號","2023-08-10 16:21:00~2023-08-10 22:40:00","379","-"
"2023-08-10 16:20:00+08","大同區","民族西路260號","2023-08-10 16:20:00~2023-08-10 22:40:00","380","-"
"2023-08-10 16:20:00+08","大同區","蘭州街89巷12號","2023-08-10 16:20:00~2023-08-10 22:40:00","380","-"
"2023-08-10 16:19:00+08","士林區","通河街西1段104號","2023-08-10 16:19:00~2023-08-10 22:40:00","381","-"
"2023-08-10 16:18:00+08","大同區","南京西路64巷","2023-08-10 16:18:00~2023-08-10 22:40:00","382","-"
"2023-08-10 16:17:00+08","士林區","美德街","2023-08-10 16:17:00~2023-08-10 22:40:00","383","-"
"2023-08-10 16:17:00+08","士林區","中正路610號","2023-08-10 16:17:00~2023-08-10 22:40:00","383","-"
"2023-08-10 16:16:00+08","大同區","延平北路1段136號","2023-08-10 16:16:00~2023-08-10 22:40:00","384","-"
"2023-08-10 16:16:00+08","中正區","信陽街","2023-08-10 16:16:00~2023-08-10 22:40:00","384","-"
"2023-08-10 16:15:00+08","士林區","中山北路5段622號","2023-08-10 16:15:00~2023-08-10 22:40:00","385","-"
"2023-08-10 16:15:00+08","中山區","北安路535號","2023-08-10 16:15:00~2023-08-10 22:40:00","385","-"
"2023-08-10 16:15:00+08","中山區","中山北路2段120號","2023-08-10 16:15:00~2023-08-10 22:40:00","385","-"
"2023-08-10 16:15:00+08","中正區","襄陽路４號","2023-08-10 16:15:00~2023-08-10 22:40:00","385","-"
"2023-08-10 16:13:00+08","萬華區","萬大路237巷2號1樓","2023-08-10 16:13:00~2023-08-10 22:40:00","387","-"
"2023-08-10 16:13:00+08","中正區","衡陽路69號前","2023-08-10 16:13:00~2023-08-10 22:40:00","387","-"
"2023-08-10 16:13:00+08","大同區","南京西路163號","2023-08-10 16:13:00~2023-08-10 22:40:00","387","-"
"2023-08-10 16:13:00+08","中正區","桃源街寶慶路口","2023-08-10 16:13:00~2023-08-10 22:40:00","387","-"
"2023-08-10 16:13:00+08","中正區","公園路20巷19號","2023-08-10 16:13:00~2023-08-10 22:40:00","387","-"
"2023-08-10 16:13:00+08","士林區","中山北路5段505巷28號中山北路5段518號","2023-08-10 16:13:00~2023-08-10 22:40:00","387","-"
"2023-08-10 16:13:00+08","大同區","敦煌路126號","2023-08-10 16:13:00~2023-08-10 22:40:00","387","-"
"2023-08-10 16:12:00+08","萬華區","萬大路277巷萬大路277巷6號","2023-08-10 16:12:00~2023-08-10 22:40:00","388","-"
"2023-08-10 16:12:00+08","中正區","懷寧街78號","2023-08-10 16:12:00~2023-08-10 22:40:00","388","-"
"2023-08-10 16:12:00+08","士林區","重慶北路4段49巷20弄7號","2023-08-10 16:12:00~2023-08-10 22:40:00","388","-"
"2023-08-10 16:12:00+08","中正區","濟南路1段7號","2023-08-10 16:12:00~2023-08-10 22:40:00","388","-"
"2023-08-10 16:11:00+08","大同區","承德路2段承德路2段75巷28號","2023-08-10 16:11:00~2023-08-10 22:40:00","389","-"
"2023-08-10 16:11:00+08","士林區","通河西街1段104號","2023-08-10 16:11:00~2023-08-10 22:40:00","389","-"
"2023-08-10 16:10:00+08","大同區","重慶北路3段136巷酒泉街和重慶北路3段的交叉路口重慶北路3段168號雙連街雙連街1巷重慶北路3段191號至267號重慶北路3段225號至269號","2023-08-10 16:10:00~2023-08-10 22:40:00","390","-"
"2023-08-10 16:10:00+08","士林區","中正路212巷1弄4號","2023-08-10 16:10:00~2023-08-10 22:40:00","390","-"
"2023-08-10 16:10:00+08","中正區","公園路和南昌路的交叉路口","2023-08-10 16:10:00~2023-08-10 18:15:00","125","-"
"2023-08-10 16:09:00+08","中正區","福和橋","2023-08-10 16:09:00~2023-08-10 22:40:00","391","-"
"2023-08-10 16:08:00+08","大同區","赤峰街赤峰街77巷9號赤峰街77巷11號;住家巷弄積水","2023-08-10 16:08:00~2023-08-10 22:40:00","392","-"
"2023-08-10 16:07:00+08","士林區","中正路-延平北路5段","2023-08-10 16:07:00~2023-08-10 22:40:00","393","-"
"2023-08-10 16:05:00+08","大同區","延平北路4段90號、104號、117號","2023-08-10 16:05:00~2023-08-10 22:40:00","395","-"
"2023-08-10 16:03:00+08","中正區","延平南路160號人行道淹水","2023-08-10 16:03:00~2023-08-10 22:40:00","397","-"
"2023-08-10 16:03:00+08","大同區","伊寧街1-55號","2023-08-10 16:03:00~2023-08-10 22:40:00","397","-"
"2023-08-10 16:01:00+08","大同區","重慶北路2段196號","2023-08-10 16:01:00~2023-08-10 22:40:00","399","-"
"2023-08-10 16:00:00+08","中正區","和平西路1段168號","2023-08-10 16:00:00~2023-08-10 22:40:00","400","-"
"2023-08-10 15:59:00+08","大同區","民權西路118巷15弄","2023-08-10 15:59:00~2023-08-10 22:40:00","401","-"
"2023-08-10 15:57:00+08","中正區","襄陽路6號","2023-08-10 15:57:00~2023-08-10 22:40:00","403","-"
"2023-08-10 15:56:00+08","大同區","迪化街2段迪化街2段260-1號迪化街2段256-1號迪化街2段268號","2023-08-10 15:56:00~2023-08-10 22:40:00","404","-"
"2023-08-10 15:54:00+08","大同區","環河北路2段157號","2023-08-10 15:54:00~2023-08-10 22:40:00","406","-"
"2023-08-10 15:49:00+08","中山區","圓山公園","2023-08-10 15:49:00~2023-08-10 22:40:00","411","-"
"2023-08-10 15:29:00+08","信義區","忠孝東路5段790巷25弄17號","2023-08-10 15:29:00~2023-08-10 22:40:00","431","-"
"2023-06-30 16:52:00+08","中山區","中山北路1段2號到40號","2023-06-30 16:52:00~2023-06-30 20:10:47","198","-"
"2023-06-30 16:33:00+08","大同區","環河北路一段395號積淹水","2023-06-30 16:33:00~2023-06-30 20:10:47","217","-"
"2023-06-30 16:26:00+08","中正區","二二公園音樂台","2023-06-30 16:26:00~2023-06-30 20:10:47","224","-"
"2023-06-30 16:22:00+08","大同區","承德路1段88號","2023-06-30 16:22:00~2023-06-30 20:10:47","228","-"
"2023-06-30 16:15:00+08","士林區","自強隧道中山往士林方向","2023-06-30 16:15:00~2023-06-30 20:10:47","235","-"
"2023-06-30 16:14:00+08","士林區","三腳渡平面停車場積淹水","2023-06-30 16:14:00~2023-06-30 16:40:00","26","-"
"2023-06-30 16:10:00+08","士林區","三腳渡平面停車場積淹水","2023-06-30 16:10:00~2023-06-30 20:10:47","240","-"
"2023-06-30 16:09:00+08","士林區","延平北路8段91號積淹水","2023-06-30 16:09:00~2023-06-30 20:10:47","241","-"
"2023-06-30 16:00:00+08","士林區","臺北市士林區 中山北路五段福林路交叉口","2023-06-30 16:00:00~2023-06-30 17:10:00","70","15.00"
"2023-06-30 16:00:00+08","士林區","台北市士林區至善路一段","2023-06-30 16:00:00~2023-06-30 17:00:00","60","20.00"
"2023-06-30 15:59:00+08","大同區","赤峰街積淹水","2023-06-30 15:59:00~2023-06-30 20:10:47","251","-"
"2023-06-30 15:57:00+08","士林區","中正路213巷29號","2023-06-30 15:57:00~2023-06-30 20:10:47","253","-"
"2023-06-30 15:56:00+08","萬華區","環河南路2段100巷","2023-06-30 15:56:00~2023-06-30 20:10:47","254","-"
"2023-06-30 15:49:00+08","大同區","重慶北路3段135號積淹水","2023-06-30 15:49:00~2023-06-30 20:10:47","261","-"
"2023-06-30 15:46:00+08","士林區","大南路350巷13號積淹水","2023-06-30 15:46:00~2023-06-30 20:10:47","264","-"
"2023-06-30 15:45:00+08","士林區","至善路2段積淹水","2023-06-30 15:45:00~2023-06-30 20:10:47","265","-"
"2023-06-30 15:42:00+08","士林區","延平北路7段106巷349號積淹水延平北路7段42之7號（暫時門牌）","2023-06-30 15:42:00~2023-06-30 20:10:47","268","-"
"2023-06-30 15:41:00+08","士林區","延平北路6段157號積淹水","2023-06-30 15:41:00~2023-06-30 20:10:47","269","-"
"2023-06-30 15:39:00+08","士林區","中正路223巷","2023-06-30 15:39:00~2023-06-30 20:10:47","271","-"
"2023-06-30 15:38:00+08","北投區","自強街5巷165號1樓","2023-06-30 15:38:00~2023-06-30 20:10:47","272","-"
"2023-06-30 15:38:00+08","萬華區","廣州街211號-艋舺龍山寺","2023-06-30 15:38:00~2023-06-30 20:10:47","272","-"
"2023-06-30 15:36:00+08","北投區","七星街中山路口","2023-06-30 15:36:00~2023-06-30 20:10:47","274","-"
"2023-06-30 15:35:00+08","萬華區","峨眉街38號","2023-06-30 15:35:00~2023-06-30 20:10:47","275","-"
"2023-06-30 15:30:00+08","士林區","中山北路6段185號","2023-06-30 15:30:00~2023-06-30 20:10:47","280","-"
"2023-06-30 15:29:00+08","中山區","康樂里林森公園","2023-06-30 15:29:00~2023-06-30 20:10:47","281","-"
"2023-06-30 15:27:00+08","士林區","延平北路5段積淹水","2023-06-30 15:27:00~2023-06-30 20:10:47","283","-"
"2023-06-30 15:27:00+08","士林區","中正路212巷1弄","2023-06-30 15:27:00~2023-06-30 20:10:47","283","-"
"2023-06-30 15:26:00+08","萬華區","大理街積淹水","2023-06-30 15:26:00~2023-06-30 20:10:47","284","-"
"2023-06-30 15:24:00+08","信義區","中山北路2段120號中山北路2段-錦西街積淹水","2023-06-30 15:24:00~2023-06-30 20:10:47","286","-"
"2023-06-30 15:24:00+08","中山區","北安路47號積淹水","2023-06-30 15:24:00~2023-06-30 20:10:47","286","-"
"2023-06-30 15:22:00+08","中山區","北安路139號(忠烈祠)北安路忠烈祠","2023-06-30 15:22:00~2023-06-30 20:10:47","288","-"
"2023-06-30 15:18:00+08","士林區","中正路235巷","2023-06-30 15:18:00~2023-06-30 20:10:47","292","-"
"2023-06-30 15:17:00+08","中山區","中山北路錦西街口積淹水","2023-06-30 15:17:00~2023-06-30 20:10:47","293","-"
"2023-06-23 17:03:00+08","大安區","臺北市大安區仁愛路4段300巷25弄3號前","2023-06-23 17:03:00~2023-06-23 19:40:49","157","-"
"2023-06-23 16:50:00+08","中正區","三元街262號~268號","2023-06-23 16:50:00~2023-06-23 19:40:49","170","-"
"2023-06-23 16:07:00+08","中正區","濟南路一段","2023-06-23 16:07:00~2023-06-23 19:40:49","213","-"
"2023-06-23 16:00:00+08","中山區","錦西街1號","2023-06-23 16:00:00~2023-06-23 19:40:49","220","-"
"2023-06-23 15:44:00+08","萬華區","西園國小","2023-06-23 15:44:00~2023-06-23 19:40:49","236","-"
"2023-06-23 15:42:00+08","文山區","興德路66巷","2023-06-23 15:42:00~2023-06-23 19:40:49","238","-"
"2023-06-23 15:38:00+08","大安區","新生南路三段88號","2023-06-23 15:38:00~2023-06-23 19:40:49","242","-"
"2023-06-23 15:25:00+08","萬華區","西園路二段52巷","2023-06-23 15:25:00~2023-06-23 19:40:49","255","-"
"2024-10-31 18:06:00+08","北投區","石牌路2段362號","2024-10-31 18:06:00~2024-11-01 23:49:10","1783","-"
"2024-10-31 17:25:00+08","內湖區","民權東路6段-成功路2段民權東路6段101號","2024-10-31 17:25:00~2024-10-31 18:50:00","85","-"
"2024-10-31 12:57:00+08","南港區","南港路1段75號","2024-10-31 12:57:00~2024-11-01 23:49:10","2092","-"
"2024-10-31 12:56:00+08","北投區","承德路7段401巷171號　洲美橋下籃球場","2024-10-31 12:56:00~2024-10-31 16:40:00","224","-"
"2024-10-31 12:36:00+08","文山區","萬芳路26巷、26巷5號","2024-10-31 12:36:00~2024-11-01 23:49:10","2113","-"
"2024-10-31 11:43:00+08","士林區","中山北路6段172巷16弄8號","2024-10-31 11:43:00~2024-10-31 17:00:00","317","-"
"2024-10-31 11:02:00+08","士林區","中山北路7段14巷65弄2號","2024-10-31 11:02:00~2024-11-01 23:49:10","2207","-"
"2024-10-31 06:31:00+08","文山區","116台灣台北市文山區木柵路二段55-1號　文山區木柵路二段，道路淹水，請處理，謝謝","2024-10-31 06:31:00~2024-10-31 07:40:00","69","-"
"2024-10-31 06:24:00+08","南港區","研究院路3段251號慈鳳宮淹水","2024-10-31 06:24:00~2024-10-31 16:40:00","616","-"
"2024-10-31 03:13:00+08","信義區","信義路6段76巷8弄信義路6段76巷8弄","2024-10-31 03:13:00~2024-10-31 07:30:00","257","10.00"
"2024-10-25 07:51:00+08","新北市金山區","竹子湖路及陽金公路道路積水","2024-10-25 07:51:00~2024-10-25 08:30:00","39","-"
"2024-10-03 10:33:00+08","士林區","文林路488號","2024-10-03 10:33:00~2024-10-04 22:59:55","2186","-"
"2024-07-24 11:01:00+08","文山區","萬芳社群捷運站前","2024-07-24 11:01:00~2024-07-24 16:00:00","299","10.00"
"2024-07-10 16:00:00+08","信義區","吳興街247號","2024-07-10 16:00:00~2024-07-10 16:00:00","null","10.00"
"2024-07-10 15:57:00+08","南港區","臺北市南港區鴻福里014鄰中坡南路３１巷６號","2024-07-10 15:57:00~2024-07-10 18:10:00","133","-"
"2024-07-10 15:50:00+08","信義區","吳興街２８４巷３９弄１７號","2024-07-10 15:50:00~2024-07-10 21:50:31","360","-"
"2024-07-10 15:25:00+08","大安區","辛亥路三段157巷12弄30號，臥龍公園","2024-07-10 15:25:00~2024-07-10 21:50:31","385","-"
"2024-07-10 15:21:00+08","信義區","信義路五段150巷411弄11號","2024-07-10 15:21:00~2024-07-10 21:50:31","389","-"
"2024-07-10 15:20:00+08","南港區","福德街310巷","2024-07-10 15:20:00~2024-07-10 16:10:00","50","10.00"
"","林口街84號","2024-07-10 15:20:00~2024-07-10 16:00:00","40","10.00"
"2024-07-10 15:11:00+08","信義區","松山路650巷15弄18-11號","2024-07-10 15:11:00~2024-07-10 21:50:31","399","-"
"2024-07-10 15:00:00+08","信義區","信義路六段33巷信義路六段15巷24號1樓","2024-07-10 15:00:00~2024-07-10 21:50:31","410","-"
"2024-07-10 15:00:00+08","信義區","福德街251巷7弄38號","2024-07-10 15:00:00~2024-07-10 18:00:00","180","-"
"2024-07-10 15:00:00+08","南港區","市民大道八段","2024-07-10 15:00:00~2024-07-10 16:10:00","70","10.00"
"2024-07-10 15:00:00+08","信義區","松德路169巷3號","2024-07-10 15:00:00~2024-07-10 16:10:00","70","10.00"
"2024-07-10 15:00:00+08","南港區","昆陽街60巷3號","2024-07-10 15:00:00~2024-07-10 16:00:00","60","10.00"
"2024-07-10 15:00:00+08","信義區","松仁路217號","2024-07-10 15:00:00~2024-07-10 16:00:00","60","10.00"
"2024-07-10 15:00:00+08","信義區","基隆路一段101巷","2024-07-10 15:00:00~2024-07-10 16:00:00","60","10.00"
"2024-07-10 15:00:00+08","信義區","松仁路234巷","2024-07-10 15:00:00~2024-07-10 16:00:00","60","10.00"
"2024-07-10 15:00:00+08","信義區","忠孝東路五段151號","2024-07-10 15:00:00~2024-07-10 16:00:00","60","10.00"
"2024-07-10 15:00:00+08","信義區","吳興街583巷6弄","2024-07-10 15:00:00~2024-07-10 16:00:00","60","10.00"
"2024-07-10 15:00:00+08","信義區","富陽街72巷19號","2024-07-10 15:00:00~2024-07-10 16:00:00","60","10.00"
"2024-07-10 15:00:00+08","信義區","和平東路三段627巷31號","2024-07-10 15:00:00~2024-07-10 16:00:00","60","10.00"
"2024-07-10 15:00:00+08","信義區","吳興街600巷100弄 和 557號","2024-07-10 15:00:00~2024-07-10 16:00:00","60","-"
"2024-07-10 15:00:00+08","信義區","富陽街72巷30號","2024-07-10 15:00:00~2024-07-10 16:00:00","60","10.00"
"2024-07-10 15:00:00+08","南港區","永吉路-忠孝東路五段","2024-07-10 15:00:00~2024-07-10 16:00:00","60","10.00"
"2024-07-10 15:00:00+08","南港區","忠孝東路七段-向陽路","2024-07-10 15:00:00~2024-07-10 16:00:00","60","10.00"
"2024-07-10 15:00:00+08","南港區","永吉路 & 忠孝東路五段","2024-07-10 15:00:00~2024-07-10 16:00:00","60","10.00"
"2024-07-10 15:00:00+08","信義區","吳興街600巷100弄 和 557號","2024-07-10 15:00:00~2024-07-10 16:00:00","60","-"
"2024-07-10 15:00:00+08","信義區","林口街24巷19號","2024-07-10 15:00:00~2024-07-10 16:00:00","60","10.00"
"2024-07-10 15:00:00+08","信義區","松仁路226號","2024-07-10 15:00:00~2024-07-10 16:00:00","60","10.00"
"2024-07-10 15:00:00+08","信義區","信義路六段 & 信義路五段","2024-07-10 15:00:00~2024-07-10 16:00:00","60","10.00"
"2024-07-10 15:00:00+08","中山區","松江路297巷2號","2024-07-10 15:00:00~2024-07-10 16:00:00","60","10.00"
"2024-07-10 15:00:00+08","信義區","信義路五段150巷4-16號;地下道淹水信義路五段信義路五段150巷4-16號 信義路五段-信義路六段","2024-07-10 15:00:00~2024-07-10 16:00:00","60","-"
"2024-07-10 15:00:00+08","信義區","松仁路(吳興國小前)","2024-07-10 15:00:00~2024-07-10 15:50:00","50","20.00"
"2024-07-10 15:00:00+08","信義區","松仁路(鄰近松仁路275巷口)","2024-07-10 15:00:00~2024-07-10 15:50:00","50","20.00"
"2024-07-10 15:00:00+08","信義區","吳興街583巷","2024-07-10 15:00:00~2024-07-10 15:00:00","null","10.00"
"2024-07-10 15:00:00+08","信義區","忠孝東路五段151號","2024-07-10 15:00:00~2024-07-10 15:00:00","null","10.00"
"2024-07-10 15:00:00+08","南港區","研究院路三段242號","2024-07-10 15:00:00~2024-07-10 15:00:00","null","10.00"
"2024-07-10 15:00:00+08","大安區","大安森林公園[新生南路以東]","2024-07-10 15:00:00~2024-07-10 15:00:00","null","10.00"
"2024-07-10 15:00:00+08","信義區","吳興街284巷20弄29號","2024-07-10 15:00:00~2024-07-10 15:00:00","null","10.00"
"2024-07-10 15:00:00+08","信義區","吳興街494巷","2024-07-10 15:00:00~2024-07-10 15:00:00","null","10.00"
"2024-07-10 14:56:00+08","信義區","松德路188號","2024-07-10 14:56:00~2024-07-10 21:50:31","414","-"
"2024-07-10 14:55:00+08","文山區","辛亥路四段","2024-07-10 14:55:00~2024-07-10 21:50:31","415","-"
"2024-07-10 14:51:00+08","松山區","南京東路五段291巷22號","2024-07-10 14:51:00~2024-07-10 21:50:31","419","-"
"2024-07-10 14:50:00+08","信義區","林口街38巷10~17號","2024-07-10 14:50:00~2024-07-10 21:50:31","420","-"
"2024-07-10 14:50:00+08","信義區","富陽街161號","2024-07-10 14:50:00~2024-07-10 21:50:31","420","-"
"2024-07-10 14:50:00+08","信義區","和平東路三段391巷57弄4號","2024-07-10 14:50:00~2024-07-10 21:50:31","420","-"
"2024-07-10 14:50:00+08","信義區","台北市信義區吳興街474號","2024-07-10 14:50:00~2024-07-10 15:50:00","60","10.00"
"2024-07-10 14:50:00+08","松山區","南京東路五段291巷17-2號前","2024-07-10 14:50:00~2024-07-10 15:10:00","20","-"
"2024-07-10 14:42:00+08","信義區","虎林街232巷57號虎林街232巷57號 和虎林街242巷55,59,66,73,71,77號","2024-07-10 14:42:00~2024-07-10 21:50:31","428","-"
"2024-07-10 14:40:00+08","南港區","中南街42巷與市民大道八段路一帶","2024-07-10 14:40:00~2024-07-10 15:10:00","30","20.00"
"2024-07-10 14:40:00+08","信義區","和平東路三段306號前","2024-07-10 14:40:00~2024-07-10 15:10:00","30","-"
"2024-07-10 14:39:00+08","信義區","松仁路-忠孝東路五段","2024-07-10 14:39:00~2024-07-10 21:50:31","431","-"
"2024-07-10 14:39:00+08","南港區","成福路171巷40弄","2024-07-10 14:39:00~2024-07-10 16:10:00","91","-"
"2024-07-10 14:38:00+08","內湖區","民權東路六段190巷117弄39號路口，高公局斜坡旁的小涵洞","2024-07-10 14:38:00~2024-07-10 21:50:31","432","-"
"2024-07-10 14:38:00+08","南港區","市民大道八段516號-中南街42巷","2024-07-10 14:38:00~2024-07-10 15:10:00","32","-"
"2024-07-10 14:35:00+08","信義區","和平東路三段-富陽街","2024-07-10 14:35:00~2024-07-10 21:50:31","435","-"
"2024-07-10 14:34:00+08","大安區","文昌街257號","2024-07-10 14:34:00~2024-07-10 21:50:31","436","-"
"2024-07-10 14:31:00+08","內湖區","安泰街45巷14弄37號","2024-07-10 14:31:00~2024-07-10 21:50:31","439","-"
"2024-07-10 14:30:00+08","信義區","信義路五段、松德路口一帶","2024-07-10 14:30:00~2024-07-10 15:20:00","50","-"
"2024-07-10 14:30:00+08","信義區","松仁路219號前","2024-07-10 14:30:00~2024-07-10 15:10:00","40","-"
"2024-06-24 18:00:00+08","中山區","臺北市 中山區 大直橋下","2024-06-24 18:00:00~2024-06-24 19:25:00","85","10.00"
"2024-06-24 18:00:00+08","中山區","臺北市 中山區 濱江街 飛機巷","2024-06-24 18:00:00~2024-06-24 19:25:00","85","10.00"
"2024-04-18 09:15:00+08","北投區","行義路300巷15號","2024-04-18 09:15:00~2024-04-18 14:30:01","315","-"
"2024-04-18 09:11:00+08","南港區","向陽路150號","2024-04-18 09:11:00~2024-04-18 14:30:01","319","-"
"2024-04-18 08:58:00+08","士林區","社子街63巷９弄15號","2024-04-18 08:58:00~2024-04-18 14:30:01","332","-"
"2024-04-18 08:53:00+08","萬華區","華中橋","2024-04-18 08:53:00~2024-04-18 12:40:01","227","-"
"2024-04-18 08:46:00+08","北投區","大度路2段","2024-04-18 08:46:00~2024-04-18 12:40:01","234","-"
"2024-04-18 08:43:00+08","內湖區","民權東路6段190巷117弄","2024-04-18 08:43:00~2024-04-18 12:40:01","237","-"
"2024-04-18 08:40:00+08","中正區","中正橋","2024-04-18 08:40:00~2024-04-18 12:40:01","240","-"
"2024-04-18 08:32:00+08","大安區","捷運忠孝敦化站","2024-04-18 08:32:00~2024-04-18 12:40:01","248","-"
"2024-04-18 07:48:00+08","士林區","士林區福德路31號","2024-04-18 07:48:00~2024-04-18 12:40:01","292","-"
"2024-04-18 07:41:00+08","文山區","興隆路4段74巷21弄12號","2024-04-18 07:41:00~2024-04-18 12:40:01","299","-"
"2024-04-18 07:37:00+08","北投區","中央北路2段257巷","2024-04-18 07:37:00~2024-04-18 12:40:01","303","-"
"2024-04-18 07:31:00+08","南港區","中南街42巷24號","2024-04-18 07:31:00~2024-04-18 12:40:01","309","-"